دسته,شاخص,کد World Bank,کد Data360,واحد,سال,مقدار,سال مقایسه قبلی,تغییر نسبت به مقدار قبلی,تغییر نسبت به مقدار قبلی %
رشد اقتصادی,GDP (دلار جاری),NY.GDP.MKTP.CD,WB_WDI_NY_GDP_MKTP_CD,USD,2010,196709621849.58618,,,
رشد اقتصادی,GDP (دلار جاری),NY.GDP.MKTP.CD,WB_WDI_NY_GDP_MKTP_CD,USD,2011,230586581059.6654,2010.0,33876959210.079224,17.221810957464605
رشد اقتصادی,GDP (دلار جاری),NY.GDP.MKTP.CD,WB_WDI_NY_GDP_MKTP_CD,USD,2012,250106966104.70358,2011.0,19520385045.038177,8.465533837802635
رشد اقتصادی,GDP (دلار جاری),NY.GDP.MKTP.CD,WB_WDI_NY_GDP_MKTP_CD,USD,2013,258657231672.41232,2012.0,8550265567.70874,3.418643511164458
رشد اقتصادی,GDP (دلار جاری),NY.GDP.MKTP.CD,WB_WDI_NY_GDP_MKTP_CD,USD,2014,271390474857.63217,2013.0,12733243185.219849,4.922825123770913
رشد اقتصادی,GDP (دلار جاری),NY.GDP.MKTP.CD,WB_WDI_NY_GDP_MKTP_CD,USD,2015,299963590534.7735,2014.0,28573115677.141327,10.52841507872758
رشد اقتصادی,GDP (دلار جاری),NY.GDP.MKTP.CD,WB_WDI_NY_GDP_MKTP_CD,USD,2016,313630000130.43536,2015.0,13666409595.661865,4.556022806400424
رشد اقتصادی,GDP (دلار جاری),NY.GDP.MKTP.CD,WB_WDI_NY_GDP_MKTP_CD,USD,2017,339205534861.1001,2016.0,25575534730.664734,8.154683773882645
رشد اقتصادی,GDP (دلار جاری),NY.GDP.MKTP.CD,WB_WDI_NY_GDP_MKTP_CD,USD,2018,356128166704.921,2017.0,16922631843.820923,4.988902038626965
رشد اقتصادی,GDP (دلار جاری),NY.GDP.MKTP.CD,WB_WDI_NY_GDP_MKTP_CD,USD,2019,320909472770.6687,2018.0,-35218693934.25232,-9.889331209073855
رشد اقتصادی,GDP (دلار جاری),NY.GDP.MKTP.CD,WB_WDI_NY_GDP_MKTP_CD,USD,2020,300425609817.9812,2019.0,-20483862952.6875,-6.383065845901616
رشد اقتصادی,GDP (دلار جاری),NY.GDP.MKTP.CD,WB_WDI_NY_GDP_MKTP_CD,USD,2021,348516647445.14844,2020.0,48091037627.16724,16.00763585245084
رشد اقتصادی,GDP (دلار جاری),NY.GDP.MKTP.CD,WB_WDI_NY_GDP_MKTP_CD,USD,2022,374890295666.69366,2021.0,26373648221.545227,7.567399840116981
رشد اقتصادی,GDP (دلار جاری),NY.GDP.MKTP.CD,WB_WDI_NY_GDP_MKTP_CD,USD,2023,336686348609.2659,2022.0,-38203947057.427734,-10.190700452644947
رشد اقتصادی,GDP (دلار جاری),NY.GDP.MKTP.CD,WB_WDI_NY_GDP_MKTP_CD,USD,2024,371570000121.2658,2023.0,34883651511.99988,10.360874937784706
رشد اقتصادی,GDP (دلار جاری),NY.GDP.MKTP.CD,WB_WDI_NY_GDP_MKTP_CD,USD,2025,,,,
رشد اقتصادی,GDP (دلار جاری),NY.GDP.MKTP.CD,WB_WDI_NY_GDP_MKTP_CD,USD,2026,,,,
رشد اقتصادی,نرخ رشد GDP (%),NY.GDP.MKTP.KD.ZG,WB_WDI_NY_GDP_MKTP_KD_ZG,PC_A,2010,1.501718,,,
رشد اقتصادی,نرخ رشد GDP (%),NY.GDP.MKTP.KD.ZG,WB_WDI_NY_GDP_MKTP_KD_ZG,PC_A,2011,2.680117,2010.0,1.178399,78.47005895913878
رشد اقتصادی,نرخ رشد GDP (%),NY.GDP.MKTP.KD.ZG,WB_WDI_NY_GDP_MKTP_KD_ZG,PC_A,2012,3.027584,2011.0,0.34746699999999997,12.964620574400296
رشد اقتصادی,نرخ رشد GDP (%),NY.GDP.MKTP.KD.ZG,WB_WDI_NY_GDP_MKTP_KD_ZG,PC_A,2013,4.366865,2012.0,1.3392809999999997,44.235965046717105
رشد اقتصادی,نرخ رشد GDP (%),NY.GDP.MKTP.KD.ZG,WB_WDI_NY_GDP_MKTP_KD_ZG,PC_A,2014,4.116428,2013.0,-0.2504369999999998,-5.734937993274347
رشد اقتصادی,نرخ رشد GDP (%),NY.GDP.MKTP.KD.ZG,WB_WDI_NY_GDP_MKTP_KD_ZG,PC_A,2015,4.217942,2014.0,0.10151399999999988,2.466070097667198
رشد اقتصادی,نرخ رشد GDP (%),NY.GDP.MKTP.KD.ZG,WB_WDI_NY_GDP_MKTP_KD_ZG,PC_A,2016,6.573838,2015.0,2.3558960000000004,55.85415826011834
رشد اقتصادی,نرخ رشد GDP (%),NY.GDP.MKTP.KD.ZG,WB_WDI_NY_GDP_MKTP_KD_ZG,PC_A,2017,4.432626,2016.0,-2.1412120000000003,-32.57171837821377
رشد اقتصادی,نرخ رشد GDP (%),NY.GDP.MKTP.KD.ZG,WB_WDI_NY_GDP_MKTP_KD_ZG,PC_A,2018,6.151703,2017.0,1.7190770000000004,38.782360614227336
رشد اقتصادی,نرخ رشد GDP (%),NY.GDP.MKTP.KD.ZG,WB_WDI_NY_GDP_MKTP_KD_ZG,PC_A,2019,2.497637,2018.0,-3.6540660000000003,-59.39925903444948
رشد اقتصادی,نرخ رشد GDP (%),NY.GDP.MKTP.KD.ZG,WB_WDI_NY_GDP_MKTP_KD_ZG,PC_A,2020,-1.274087,2019.0,-3.771724,-151.01169625530048
رشد اقتصادی,نرخ رشد GDP (%),NY.GDP.MKTP.KD.ZG,WB_WDI_NY_GDP_MKTP_KD_ZG,PC_A,2021,6.513886,2020.0,7.787973,611.2591212374037
رشد اقتصادی,نرخ رشد GDP (%),NY.GDP.MKTP.KD.ZG,WB_WDI_NY_GDP_MKTP_KD_ZG,PC_A,2022,4.778107,2021.0,-1.735779,-26.64736533614497
رشد اقتصادی,نرخ رشد GDP (%),NY.GDP.MKTP.KD.ZG,WB_WDI_NY_GDP_MKTP_KD_ZG,PC_A,2023,-0.414936,2022.0,-5.193043,-108.68410858107616
رشد اقتصادی,نرخ رشد GDP (%),NY.GDP.MKTP.KD.ZG,WB_WDI_NY_GDP_MKTP_KD_ZG,PC_A,2024,3.048983,2023.0,3.463919,834.8080185859989
رشد اقتصادی,نرخ رشد GDP (%),NY.GDP.MKTP.KD.ZG,WB_WDI_NY_GDP_MKTP_KD_ZG,PC_A,2025,,,,
رشد اقتصادی,نرخ رشد GDP (%),NY.GDP.MKTP.KD.ZG,WB_WDI_NY_GDP_MKTP_KD_ZG,PC_A,2026,,,,
رشد اقتصادی,GDP سرانه (دلار),NY.GDP.PCAP.CD,WB_WDI_NY_GDP_PCAP_CD,USD,2010,987.304571,,,
رشد اقتصادی,GDP سرانه (دلار),NY.GDP.PCAP.CD,WB_WDI_NY_GDP_PCAP_CD,USD,2011,1131.735138,2010.0,144.430567,14.628775277897502
رشد اقتصادی,GDP سرانه (دلار),NY.GDP.PCAP.CD,WB_WDI_NY_GDP_PCAP_CD,USD,2012,1204.364755,2011.0,72.62961700000005,6.417545462832493
رشد اقتصادی,GDP سرانه (دلار),NY.GDP.PCAP.CD,WB_WDI_NY_GDP_PCAP_CD,USD,2013,1225.434012,2012.0,21.06925699999988,1.7494083011421135
رشد اقتصادی,GDP سرانه (دلار),NY.GDP.PCAP.CD,WB_WDI_NY_GDP_PCAP_CD,USD,2014,1266.613408,2013.0,41.179396,3.360392774866118
رشد اقتصادی,GDP سرانه (دلار),NY.GDP.PCAP.CD,WB_WDI_NY_GDP_PCAP_CD,USD,2015,1380.470208,2014.0,113.85680000000002,8.989072694231263
رشد اقتصادی,GDP سرانه (دلار),NY.GDP.PCAP.CD,WB_WDI_NY_GDP_PCAP_CD,USD,2016,1424.691612,2015.0,44.22140400000012,3.203358083624802
رشد اقتصادی,GDP سرانه (دلار),NY.GDP.PCAP.CD,WB_WDI_NY_GDP_PCAP_CD,USD,2017,1519.234595,2016.0,94.54298299999982,6.636031419268286
رشد اقتصادی,GDP سرانه (دلار),NY.GDP.PCAP.CD,WB_WDI_NY_GDP_PCAP_CD,USD,2018,1569.338146,2017.0,50.10355100000015,3.29794695071436
رشد اقتصادی,GDP سرانه (دلار),NY.GDP.PCAP.CD,WB_WDI_NY_GDP_PCAP_CD,USD,2019,1390.41691,2018.0,-178.92123600000014,-11.40106333718088
رشد اقتصادی,GDP سرانه (دلار),NY.GDP.PCAP.CD,WB_WDI_NY_GDP_PCAP_CD,USD,2020,1278.397352,2019.0,-112.01955799999996,-8.056544565471372
رشد اقتصادی,GDP سرانه (دلار),NY.GDP.PCAP.CD,WB_WDI_NY_GDP_PCAP_CD,USD,2021,1455.319224,2020.0,176.92187200000012,13.8393490664865
رشد اقتصادی,GDP سرانه (دلار),NY.GDP.PCAP.CD,WB_WDI_NY_GDP_PCAP_CD,USD,2022,1538.322813,2021.0,83.00358899999992,5.703462692663497
رشد اقتصادی,GDP سرانه (دلار),NY.GDP.PCAP.CD,WB_WDI_NY_GDP_PCAP_CD,USD,2023,1360.324178,2022.0,-177.99863499999992,-11.570954645915398
رشد اقتصادی,GDP سرانه (دلار),NY.GDP.PCAP.CD,WB_WDI_NY_GDP_PCAP_CD,USD,2024,1478.77278,2023.0,118.44860199999994,8.707380484418614
رشد اقتصادی,GDP سرانه (دلار),NY.GDP.PCAP.CD,WB_WDI_NY_GDP_PCAP_CD,USD,2025,,,,
رشد اقتصادی,GDP سرانه (دلار),NY.GDP.PCAP.CD,WB_WDI_NY_GDP_PCAP_CD,USD,2026,,,,
رشد اقتصادی,رشد GDP سرانه (%),NY.GDP.PCAP.KD.ZG,WB_WDI_NY_GDP_PCAP_KD_ZG,PC_A,2010,-0.975475,,,
رشد اقتصادی,رشد GDP سرانه (%),NY.GDP.PCAP.KD.ZG,WB_WDI_NY_GDP_PCAP_KD_ZG,PC_A,2011,0.408755,2010.0,1.38423,141.90317537609886
رشد اقتصادی,رشد GDP سرانه (%),NY.GDP.PCAP.KD.ZG,WB_WDI_NY_GDP_PCAP_KD_ZG,PC_A,2012,1.082272,2011.0,0.6735169999999999,164.7727856539981
رشد اقتصادی,رشد GDP سرانه (%),NY.GDP.PCAP.KD.ZG,WB_WDI_NY_GDP_PCAP_KD_ZG,PC_A,2013,2.682325,2012.0,1.6000530000000002,147.84203970905654
رشد اقتصادی,رشد GDP سرانه (%),NY.GDP.PCAP.KD.ZG,WB_WDI_NY_GDP_PCAP_KD_ZG,PC_A,2014,2.566004,2013.0,-0.11632100000000012,-4.336573681414449
رشد اقتصادی,رشد GDP سرانه (%),NY.GDP.PCAP.KD.ZG,WB_WDI_NY_GDP_PCAP_KD_ZG,PC_A,2015,2.766486,2014.0,0.20048200000000005,7.813004188613894
رشد اقتصادی,رشد GDP سرانه (%),NY.GDP.PCAP.KD.ZG,WB_WDI_NY_GDP_PCAP_KD_ZG,PC_A,2016,5.195069,2015.0,2.428583,87.78584095491537
رشد اقتصادی,رشد GDP سرانه (%),NY.GDP.PCAP.KD.ZG,WB_WDI_NY_GDP_PCAP_KD_ZG,PC_A,2017,2.966237,2016.0,-2.228832,-42.90283728666549
رشد اقتصادی,رشد GDP سرانه (%),NY.GDP.PCAP.KD.ZG,WB_WDI_NY_GDP_PCAP_KD_ZG,PC_A,2018,4.442019,2017.0,1.4757820000000001,49.752666425508146
رشد اقتصادی,رشد GDP سرانه (%),NY.GDP.PCAP.KD.ZG,WB_WDI_NY_GDP_PCAP_KD_ZG,PC_A,2019,0.778096,2018.0,-3.663923,-82.48328068835366
رشد اقتصادی,رشد GDP سرانه (%),NY.GDP.PCAP.KD.ZG,WB_WDI_NY_GDP_PCAP_KD_ZG,PC_A,2020,-3.038893,2019.0,-3.816989,-490.5550214883511
رشد اقتصادی,رشد GDP سرانه (%),NY.GDP.PCAP.KD.ZG,WB_WDI_NY_GDP_PCAP_KD_ZG,PC_A,2021,4.523046,2020.0,7.561939,248.8386066900019
رشد اقتصادی,رشد GDP سرانه (%),NY.GDP.PCAP.KD.ZG,WB_WDI_NY_GDP_PCAP_KD_ZG,PC_A,2022,2.962503,2021.0,-1.560543,-34.50203690168086
رشد اقتصادی,رشد GDP سرانه (%),NY.GDP.PCAP.KD.ZG,WB_WDI_NY_GDP_PCAP_KD_ZG,PC_A,2023,-1.945431,2022.0,-4.907934,-165.66849046228816
رشد اقتصادی,رشد GDP سرانه (%),NY.GDP.PCAP.KD.ZG,WB_WDI_NY_GDP_PCAP_KD_ZG,PC_A,2024,1.50504,2023.0,3.450471,177.3628054657297
رشد اقتصادی,رشد GDP سرانه (%),NY.GDP.PCAP.KD.ZG,WB_WDI_NY_GDP_PCAP_KD_ZG,PC_A,2025,,,,
رشد اقتصادی,رشد GDP سرانه (%),NY.GDP.PCAP.KD.ZG,WB_WDI_NY_GDP_PCAP_KD_ZG,PC_A,2026,,,,
رشد اقتصادی,مصرف خانوار (% GDP),NE.CON.PRVT.ZS,WB_WDI_NE_CON_PRVT_ZS,PT_GDP,2010,79.834246,,,
رشد اقتصادی,مصرف خانوار (% GDP),NE.CON.PRVT.ZS,WB_WDI_NE_CON_PRVT_ZS,PT_GDP,2011,80.539313,2010.0,0.7050670000000139,0.8831635987393354
رشد اقتصادی,مصرف خانوار (% GDP),NE.CON.PRVT.ZS,WB_WDI_NE_CON_PRVT_ZS,PT_GDP,2012,82.302765,2011.0,1.7634519999999867,2.1895543111970506
رشد اقتصادی,مصرف خانوار (% GDP),NE.CON.PRVT.ZS,WB_WDI_NE_CON_PRVT_ZS,PT_GDP,2013,81.293091,2012.0,-1.0096739999999897,-1.2267801695362115
رشد اقتصادی,مصرف خانوار (% GDP),NE.CON.PRVT.ZS,WB_WDI_NE_CON_PRVT_ZS,PT_GDP,2014,82.144951,2013.0,0.8518600000000021,1.0478873290720387
رشد اقتصادی,مصرف خانوار (% GDP),NE.CON.PRVT.ZS,WB_WDI_NE_CON_PRVT_ZS,PT_GDP,2015,81.139151,2014.0,-1.0058000000000078,-1.2244209628903517
رشد اقتصادی,مصرف خانوار (% GDP),NE.CON.PRVT.ZS,WB_WDI_NE_CON_PRVT_ZS,PT_GDP,2016,80.683443,2015.0,-0.45570800000000133,-0.5616376242339549
رشد اقتصادی,مصرف خانوار (% GDP),NE.CON.PRVT.ZS,WB_WDI_NE_CON_PRVT_ZS,PT_GDP,2017,81.942182,2016.0,1.2587390000000056,1.560095793135657
رشد اقتصادی,مصرف خانوار (% GDP),NE.CON.PRVT.ZS,WB_WDI_NE_CON_PRVT_ZS,PT_GDP,2018,82.40054,2017.0,0.45835800000000404,0.5593675794476697
رشد اقتصادی,مصرف خانوار (% GDP),NE.CON.PRVT.ZS,WB_WDI_NE_CON_PRVT_ZS,PT_GDP,2019,83.874452,2018.0,1.4739119999999986,1.788716433169004
رشد اقتصادی,مصرف خانوار (% GDP),NE.CON.PRVT.ZS,WB_WDI_NE_CON_PRVT_ZS,PT_GDP,2020,81.514821,2019.0,-2.3596310000000074,-2.813289319613089
رشد اقتصادی,مصرف خانوار (% GDP),NE.CON.PRVT.ZS,WB_WDI_NE_CON_PRVT_ZS,PT_GDP,2021,83.462961,2020.0,1.9481400000000093,2.3899212144500805
رشد اقتصادی,مصرف خانوار (% GDP),NE.CON.PRVT.ZS,WB_WDI_NE_CON_PRVT_ZS,PT_GDP,2022,85.897745,2021.0,2.4347839999999934,2.9172029973870606
رشد اقتصادی,مصرف خانوار (% GDP),NE.CON.PRVT.ZS,WB_WDI_NE_CON_PRVT_ZS,PT_GDP,2023,83.167351,2022.0,-2.730394000000004,-3.17865620337298
رشد اقتصادی,مصرف خانوار (% GDP),NE.CON.PRVT.ZS,WB_WDI_NE_CON_PRVT_ZS,PT_GDP,2024,84.765185,2023.0,1.597834000000006,1.9212274778356304
رشد اقتصادی,مصرف خانوار (% GDP),NE.CON.PRVT.ZS,WB_WDI_NE_CON_PRVT_ZS,PT_GDP,2025,,,,
رشد اقتصادی,مصرف خانوار (% GDP),NE.CON.PRVT.ZS,WB_WDI_NE_CON_PRVT_ZS,PT_GDP,2026,,,,
رشد اقتصادی,سرمایه‌گذاری کل (% GDP),NE.GDI.TOTL.ZS,WB_WDI_NE_GDI_TOTL_ZS,PT_GDP,2010,15.961552,,,
رشد اقتصادی,سرمایه‌گذاری کل (% GDP),NE.GDI.TOTL.ZS,WB_WDI_NE_GDI_TOTL_ZS,PT_GDP,2011,14.631628,2010.0,-1.329924,-8.33204690872166
رشد اقتصادی,سرمایه‌گذاری کل (% GDP),NE.GDI.TOTL.ZS,WB_WDI_NE_GDI_TOTL_ZS,PT_GDP,2012,15.168987,2011.0,0.5373590000000004,3.672585169606556
رشد اقتصادی,سرمایه‌گذاری کل (% GDP),NE.GDI.TOTL.ZS,WB_WDI_NE_GDI_TOTL_ZS,PT_GDP,2013,14.98238,2012.0,-0.1866070000000004,-1.230187618988667
رشد اقتصادی,سرمایه‌گذاری کل (% GDP),NE.GDI.TOTL.ZS,WB_WDI_NE_GDI_TOTL_ZS,PT_GDP,2014,14.907554,2013.0,-0.07482599999999984,-0.49942665984976914
رشد اقتصادی,سرمایه‌گذاری کل (% GDP),NE.GDI.TOTL.ZS,WB_WDI_NE_GDI_TOTL_ZS,PT_GDP,2015,15.810931,2014.0,0.9033770000000008,6.059860658562772
رشد اقتصادی,سرمایه‌گذاری کل (% GDP),NE.GDI.TOTL.ZS,WB_WDI_NE_GDI_TOTL_ZS,PT_GDP,2016,15.935747,2015.0,0.12481599999999915,0.7894285289082543
رشد اقتصادی,سرمایه‌گذاری کل (% GDP),NE.GDI.TOTL.ZS,WB_WDI_NE_GDI_TOTL_ZS,PT_GDP,2017,16.332891,2016.0,0.39714400000000083,2.49215803940663
رشد اقتصادی,سرمایه‌گذاری کل (% GDP),NE.GDI.TOTL.ZS,WB_WDI_NE_GDI_TOTL_ZS,PT_GDP,2018,17.068291,2017.0,0.7353999999999985,4.502570916563385
رشد اقتصادی,سرمایه‌گذاری کل (% GDP),NE.GDI.TOTL.ZS,WB_WDI_NE_GDI_TOTL_ZS,PT_GDP,2019,15.499645,2018.0,-1.5686459999999993,-9.190410451755243
رشد اقتصادی,سرمایه‌گذاری کل (% GDP),NE.GDI.TOTL.ZS,WB_WDI_NE_GDI_TOTL_ZS,PT_GDP,2020,14.81554,2019.0,-0.6841049999999989,-4.4136817327106455
رشد اقتصادی,سرمایه‌گذاری کل (% GDP),NE.GDI.TOTL.ZS,WB_WDI_NE_GDI_TOTL_ZS,PT_GDP,2021,14.534692,2020.0,-0.28084800000000065,-1.895631208852331
رشد اقتصادی,سرمایه‌گذاری کل (% GDP),NE.GDI.TOTL.ZS,WB_WDI_NE_GDI_TOTL_ZS,PT_GDP,2022,15.560543,2021.0,1.0258509999999994,7.057947977156993
رشد اقتصادی,سرمایه‌گذاری کل (% GDP),NE.GDI.TOTL.ZS,WB_WDI_NE_GDI_TOTL_ZS,PT_GDP,2023,13.968147,2022.0,-1.592395999999999,-10.233550333044285
رشد اقتصادی,سرمایه‌گذاری کل (% GDP),NE.GDI.TOTL.ZS,WB_WDI_NE_GDI_TOTL_ZS,PT_GDP,2024,13.166532,2023.0,-0.801615,-5.738878607162425
رشد اقتصادی,سرمایه‌گذاری کل (% GDP),NE.GDI.TOTL.ZS,WB_WDI_NE_GDI_TOTL_ZS,PT_GDP,2025,,,,
رشد اقتصادی,سرمایه‌گذاری کل (% GDP),NE.GDI.TOTL.ZS,WB_WDI_NE_GDI_TOTL_ZS,PT_GDP,2026,,,,
درآمد و فقر,فقر زیر ۲.۱۵$/روز (%),SI.POV.DDAY,WB_WDI_SI_POV_DDAY,PT_POP,2010,26.7,,,
درآمد و فقر,فقر زیر ۲.۱۵$/روز (%),SI.POV.DDAY,WB_WDI_SI_POV_DDAY,PT_POP,2011,25.9,2010.0,-0.8000000000000007,-2.996254681647943
درآمد و فقر,فقر زیر ۲.۱۵$/روز (%),SI.POV.DDAY,WB_WDI_SI_POV_DDAY,PT_POP,2012,,,,
درآمد و فقر,فقر زیر ۲.۱۵$/روز (%),SI.POV.DDAY,WB_WDI_SI_POV_DDAY,PT_POP,2013,21.2,2011.0,-4.699999999999999,-18.146718146718143
درآمد و فقر,فقر زیر ۲.۱۵$/روز (%),SI.POV.DDAY,WB_WDI_SI_POV_DDAY,PT_POP,2014,,,,
درآمد و فقر,فقر زیر ۲.۱۵$/روز (%),SI.POV.DDAY,WB_WDI_SI_POV_DDAY,PT_POP,2015,16.9,2013.0,-4.300000000000001,-20.283018867924532
درآمد و فقر,فقر زیر ۲.۱۵$/روز (%),SI.POV.DDAY,WB_WDI_SI_POV_DDAY,PT_POP,2016,,,,
درآمد و فقر,فقر زیر ۲.۱۵$/روز (%),SI.POV.DDAY,WB_WDI_SI_POV_DDAY,PT_POP,2017,,,,
درآمد و فقر,فقر زیر ۲.۱۵$/روز (%),SI.POV.DDAY,WB_WDI_SI_POV_DDAY,PT_POP,2018,16.5,2015.0,-0.3999999999999986,-2.3668639053254354
درآمد و فقر,فقر زیر ۲.۱۵$/روز (%),SI.POV.DDAY,WB_WDI_SI_POV_DDAY,PT_POP,2019,,,,
درآمد و فقر,فقر زیر ۲.۱۵$/روز (%),SI.POV.DDAY,WB_WDI_SI_POV_DDAY,PT_POP,2020,,,,
درآمد و فقر,فقر زیر ۲.۱۵$/روز (%),SI.POV.DDAY,WB_WDI_SI_POV_DDAY,PT_POP,2021,,,,
درآمد و فقر,فقر زیر ۲.۱۵$/روز (%),SI.POV.DDAY,WB_WDI_SI_POV_DDAY,PT_POP,2022,,,,
درآمد و فقر,فقر زیر ۲.۱۵$/روز (%),SI.POV.DDAY,WB_WDI_SI_POV_DDAY,PT_POP,2023,,,,
درآمد و فقر,فقر زیر ۲.۱۵$/روز (%),SI.POV.DDAY,WB_WDI_SI_POV_DDAY,PT_POP,2024,23.0,2018.0,6.5,39.39393939393939
درآمد و فقر,فقر زیر ۲.۱۵$/روز (%),SI.POV.DDAY,WB_WDI_SI_POV_DDAY,PT_POP,2025,,,,
درآمد و فقر,فقر زیر ۲.۱۵$/روز (%),SI.POV.DDAY,WB_WDI_SI_POV_DDAY,PT_POP,2026,,,,
درآمد و فقر,فقر زیر ۳.۶۵$/روز (%),SI.POV.LMIC,WB_WDI_SI_POV_LMIC,PT_POP,2010,57.2,,,
درآمد و فقر,فقر زیر ۳.۶۵$/روز (%),SI.POV.LMIC,WB_WDI_SI_POV_LMIC,PT_POP,2011,55.9,2010.0,-1.3000000000000043,-2.27272727272728
درآمد و فقر,فقر زیر ۳.۶۵$/روز (%),SI.POV.LMIC,WB_WDI_SI_POV_LMIC,PT_POP,2012,,,,
درآمد و فقر,فقر زیر ۳.۶۵$/روز (%),SI.POV.LMIC,WB_WDI_SI_POV_LMIC,PT_POP,2013,49.3,2011.0,-6.600000000000001,-11.806797853309483
درآمد و فقر,فقر زیر ۳.۶۵$/روز (%),SI.POV.LMIC,WB_WDI_SI_POV_LMIC,PT_POP,2014,,,,
درآمد و فقر,فقر زیر ۳.۶۵$/روز (%),SI.POV.LMIC,WB_WDI_SI_POV_LMIC,PT_POP,2015,44.8,2013.0,-4.5,-9.127789046653144
درآمد و فقر,فقر زیر ۳.۶۵$/روز (%),SI.POV.LMIC,WB_WDI_SI_POV_LMIC,PT_POP,2016,,,,
درآمد و فقر,فقر زیر ۳.۶۵$/روز (%),SI.POV.LMIC,WB_WDI_SI_POV_LMIC,PT_POP,2017,,,,
درآمد و فقر,فقر زیر ۳.۶۵$/روز (%),SI.POV.LMIC,WB_WDI_SI_POV_LMIC,PT_POP,2018,44.7,2015.0,-0.09999999999999432,-0.22321428571427304
درآمد و فقر,فقر زیر ۳.۶۵$/روز (%),SI.POV.LMIC,WB_WDI_SI_POV_LMIC,PT_POP,2019,,,,
درآمد و فقر,فقر زیر ۳.۶۵$/روز (%),SI.POV.LMIC,WB_WDI_SI_POV_LMIC,PT_POP,2020,,,,
درآمد و فقر,فقر زیر ۳.۶۵$/روز (%),SI.POV.LMIC,WB_WDI_SI_POV_LMIC,PT_POP,2021,,,,
درآمد و فقر,فقر زیر ۳.۶۵$/روز (%),SI.POV.LMIC,WB_WDI_SI_POV_LMIC,PT_POP,2022,,,,
درآمد و فقر,فقر زیر ۳.۶۵$/روز (%),SI.POV.LMIC,WB_WDI_SI_POV_LMIC,PT_POP,2023,,,,
درآمد و فقر,فقر زیر ۳.۶۵$/روز (%),SI.POV.LMIC,WB_WDI_SI_POV_LMIC,PT_POP,2024,47.9,2018.0,3.1999999999999957,7.158836689038021
درآمد و فقر,فقر زیر ۳.۶۵$/روز (%),SI.POV.LMIC,WB_WDI_SI_POV_LMIC,PT_POP,2025,,,,
درآمد و فقر,فقر زیر ۳.۶۵$/روز (%),SI.POV.LMIC,WB_WDI_SI_POV_LMIC,PT_POP,2026,,,,
درآمد و فقر,فقر زیر ۶.۸۵$/روز (%),SI.POV.UMIC,WB_WDI_SI_POV_UMIC,PT_POP,2010,92.7,,,
درآمد و فقر,فقر زیر ۶.۸۵$/روز (%),SI.POV.UMIC,WB_WDI_SI_POV_UMIC,PT_POP,2011,91.8,2010.0,-0.9000000000000057,-0.9708737864077731
درآمد و فقر,فقر زیر ۶.۸۵$/روز (%),SI.POV.UMIC,WB_WDI_SI_POV_UMIC,PT_POP,2012,,,,
درآمد و فقر,فقر زیر ۶.۸۵$/روز (%),SI.POV.UMIC,WB_WDI_SI_POV_UMIC,PT_POP,2013,90.0,2011.0,-1.7999999999999972,-1.960784313725487
درآمد و فقر,فقر زیر ۶.۸۵$/روز (%),SI.POV.UMIC,WB_WDI_SI_POV_UMIC,PT_POP,2014,,,,
درآمد و فقر,فقر زیر ۶.۸۵$/روز (%),SI.POV.UMIC,WB_WDI_SI_POV_UMIC,PT_POP,2015,87.4,2013.0,-2.5999999999999943,-2.8888888888888826
درآمد و فقر,فقر زیر ۶.۸۵$/روز (%),SI.POV.UMIC,WB_WDI_SI_POV_UMIC,PT_POP,2016,,,,
درآمد و فقر,فقر زیر ۶.۸۵$/روز (%),SI.POV.UMIC,WB_WDI_SI_POV_UMIC,PT_POP,2017,,,,
درآمد و فقر,فقر زیر ۶.۸۵$/روز (%),SI.POV.UMIC,WB_WDI_SI_POV_UMIC,PT_POP,2018,88.4,2015.0,1.0,1.1441647597254003
درآمد و فقر,فقر زیر ۶.۸۵$/روز (%),SI.POV.UMIC,WB_WDI_SI_POV_UMIC,PT_POP,2019,,,,
درآمد و فقر,فقر زیر ۶.۸۵$/روز (%),SI.POV.UMIC,WB_WDI_SI_POV_UMIC,PT_POP,2020,,,,
درآمد و فقر,فقر زیر ۶.۸۵$/روز (%),SI.POV.UMIC,WB_WDI_SI_POV_UMIC,PT_POP,2021,,,,
درآمد و فقر,فقر زیر ۶.۸۵$/روز (%),SI.POV.UMIC,WB_WDI_SI_POV_UMIC,PT_POP,2022,,,,
درآمد و فقر,فقر زیر ۶.۸۵$/روز (%),SI.POV.UMIC,WB_WDI_SI_POV_UMIC,PT_POP,2023,,,,
درآمد و فقر,فقر زیر ۶.۸۵$/روز (%),SI.POV.UMIC,WB_WDI_SI_POV_UMIC,PT_POP,2024,87.1,2018.0,-1.3000000000000114,-1.4705882352941304
درآمد و فقر,فقر زیر ۶.۸۵$/روز (%),SI.POV.UMIC,WB_WDI_SI_POV_UMIC,PT_POP,2025,,,,
درآمد و فقر,فقر زیر ۶.۸۵$/روز (%),SI.POV.UMIC,WB_WDI_SI_POV_UMIC,PT_POP,2026,,,,
درآمد و فقر,ضریب جینی (نابرابری درآمد),SI.POV.GINI,WB_WDI_SI_POV_GINI,0_TO_100,2010,28.8,,,
درآمد و فقر,ضریب جینی (نابرابری درآمد),SI.POV.GINI,WB_WDI_SI_POV_GINI,0_TO_100,2011,29.7,2010.0,0.8999999999999986,3.124999999999995
درآمد و فقر,ضریب جینی (نابرابری درآمد),SI.POV.GINI,WB_WDI_SI_POV_GINI,0_TO_100,2012,,,,
درآمد و فقر,ضریب جینی (نابرابری درآمد),SI.POV.GINI,WB_WDI_SI_POV_GINI,0_TO_100,2013,29.5,2011.0,-0.1999999999999993,-0.673400673400671
درآمد و فقر,ضریب جینی (نابرابری درآمد),SI.POV.GINI,WB_WDI_SI_POV_GINI,0_TO_100,2014,,,,
درآمد و فقر,ضریب جینی (نابرابری درآمد),SI.POV.GINI,WB_WDI_SI_POV_GINI,0_TO_100,2015,31.3,2013.0,1.8000000000000007,6.10169491525424
درآمد و فقر,ضریب جینی (نابرابری درآمد),SI.POV.GINI,WB_WDI_SI_POV_GINI,0_TO_100,2016,,,,
درآمد و فقر,ضریب جینی (نابرابری درآمد),SI.POV.GINI,WB_WDI_SI_POV_GINI,0_TO_100,2017,,,,
درآمد و فقر,ضریب جینی (نابرابری درآمد),SI.POV.GINI,WB_WDI_SI_POV_GINI,0_TO_100,2018,29.6,2015.0,-1.6999999999999993,-5.431309904153352
درآمد و فقر,ضریب جینی (نابرابری درآمد),SI.POV.GINI,WB_WDI_SI_POV_GINI,0_TO_100,2019,,,,
درآمد و فقر,ضریب جینی (نابرابری درآمد),SI.POV.GINI,WB_WDI_SI_POV_GINI,0_TO_100,2020,,,,
درآمد و فقر,ضریب جینی (نابرابری درآمد),SI.POV.GINI,WB_WDI_SI_POV_GINI,0_TO_100,2021,,,,
درآمد و فقر,ضریب جینی (نابرابری درآمد),SI.POV.GINI,WB_WDI_SI_POV_GINI,0_TO_100,2022,,,,
درآمد و فقر,ضریب جینی (نابرابری درآمد),SI.POV.GINI,WB_WDI_SI_POV_GINI,0_TO_100,2023,,,,
درآمد و فقر,ضریب جینی (نابرابری درآمد),SI.POV.GINI,WB_WDI_SI_POV_GINI,0_TO_100,2024,33.5,2018.0,3.8999999999999986,13.175675675675672
درآمد و فقر,ضریب جینی (نابرابری درآمد),SI.POV.GINI,WB_WDI_SI_POV_GINI,0_TO_100,2025,,,,
درآمد و فقر,ضریب جینی (نابرابری درآمد),SI.POV.GINI,WB_WDI_SI_POV_GINI,0_TO_100,2026,,,,
درآمد و فقر,درآمد ملی سرانه (GNI),NY.GNP.PCAP.CD,WB_WDI_NY_GNP_PCAP_CD,USD,2010,1000.0,,,
درآمد و فقر,درآمد ملی سرانه (GNI),NY.GNP.PCAP.CD,WB_WDI_NY_GNP_PCAP_CD,USD,2011,1020.0,2010.0,20.0,2.0
درآمد و فقر,درآمد ملی سرانه (GNI),NY.GNP.PCAP.CD,WB_WDI_NY_GNP_PCAP_CD,USD,2012,1110.0,2011.0,90.0,8.823529411764707
درآمد و فقر,درآمد ملی سرانه (GNI),NY.GNP.PCAP.CD,WB_WDI_NY_GNP_PCAP_CD,USD,2013,1210.0,2012.0,100.0,9.00900900900901
درآمد و فقر,درآمد ملی سرانه (GNI),NY.GNP.PCAP.CD,WB_WDI_NY_GNP_PCAP_CD,USD,2014,1250.0,2013.0,40.0,3.3057851239669422
درآمد و فقر,درآمد ملی سرانه (GNI),NY.GNP.PCAP.CD,WB_WDI_NY_GNP_PCAP_CD,USD,2015,1280.0,2014.0,30.0,2.4
درآمد و فقر,درآمد ملی سرانه (GNI),NY.GNP.PCAP.CD,WB_WDI_NY_GNP_PCAP_CD,USD,2016,1360.0,2015.0,80.0,6.25
درآمد و فقر,درآمد ملی سرانه (GNI),NY.GNP.PCAP.CD,WB_WDI_NY_GNP_PCAP_CD,USD,2017,1450.0,2016.0,90.0,6.61764705882353
درآمد و فقر,درآمد ملی سرانه (GNI),NY.GNP.PCAP.CD,WB_WDI_NY_GNP_PCAP_CD,USD,2018,1560.0,2017.0,110.0,7.586206896551724
درآمد و فقر,درآمد ملی سرانه (GNI),NY.GNP.PCAP.CD,WB_WDI_NY_GNP_PCAP_CD,USD,2019,1520.0,2018.0,-40.0,-2.564102564102564
درآمد و فقر,درآمد ملی سرانه (GNI),NY.GNP.PCAP.CD,WB_WDI_NY_GNP_PCAP_CD,USD,2020,1370.0,2019.0,-150.0,-9.868421052631579
درآمد و فقر,درآمد ملی سرانه (GNI),NY.GNP.PCAP.CD,WB_WDI_NY_GNP_PCAP_CD,USD,2021,1420.0,2020.0,50.0,3.64963503649635
درآمد و فقر,درآمد ملی سرانه (GNI),NY.GNP.PCAP.CD,WB_WDI_NY_GNP_PCAP_CD,USD,2022,1510.0,2021.0,90.0,6.338028169014084
درآمد و فقر,درآمد ملی سرانه (GNI),NY.GNP.PCAP.CD,WB_WDI_NY_GNP_PCAP_CD,USD,2023,1450.0,2022.0,-60.0,-3.9735099337748347
درآمد و فقر,درآمد ملی سرانه (GNI),NY.GNP.PCAP.CD,WB_WDI_NY_GNP_PCAP_CD,USD,2024,1430.0,2023.0,-20.0,-1.3793103448275863
درآمد و فقر,درآمد ملی سرانه (GNI),NY.GNP.PCAP.CD,WB_WDI_NY_GNP_PCAP_CD,USD,2025,,,,
درآمد و فقر,درآمد ملی سرانه (GNI),NY.GNP.PCAP.CD,WB_WDI_NY_GNP_PCAP_CD,USD,2026,,,,
درآمد و فقر,جمعیت کل,SP.POP.TOTL,WB_WDI_SP_POP_TOTL,PS,2010,199239047.0,,,
درآمد و فقر,جمعیت کل,SP.POP.TOTL,WB_WDI_SP_POP_TOTL,PS,2011,203746065.0,2010.0,4507018.0,2.262115819094437
درآمد و فقر,جمعیت کل,SP.POP.TOTL,WB_WDI_SP_POP_TOTL,PS,2012,207667125.0,2011.0,3921060.0,1.9244837930980407
درآمد و فقر,جمعیت کل,SP.POP.TOTL,WB_WDI_SP_POP_TOTL,PS,2013,211073978.0,2012.0,3406853.0,1.640535544564408
درآمد و فقر,جمعیت کل,SP.POP.TOTL,WB_WDI_SP_POP_TOTL,PS,2014,214264647.0,2013.0,3190669.0,1.5116354134378422
درآمد و فقر,جمعیت کل,SP.POP.TOTL,WB_WDI_SP_POP_TOTL,PS,2015,217290883.0,2014.0,3026236.0,1.4123823236224313
درآمد و فقر,جمعیت کل,SP.POP.TOTL,WB_WDI_SP_POP_TOTL,PS,2016,220138869.0,2015.0,2847986.0,1.310679012703906
درآمد و فقر,جمعیت کل,SP.POP.TOTL,WB_WDI_SP_POP_TOTL,PS,2017,223273967.0,2016.0,3135098.0,1.4241455923896837
درآمد و فقر,جمعیت کل,SP.POP.TOTL,WB_WDI_SP_POP_TOTL,PS,2018,226928892.0,2017.0,3654925.0,1.6369687201374445
درآمد و فقر,جمعیت کل,SP.POP.TOTL,WB_WDI_SP_POP_TOTL,PS,2019,230800899.0,2018.0,3872007.0,1.7062644451637299
درآمد و فقر,جمعیت کل,SP.POP.TOTL,WB_WDI_SP_POP_TOTL,PS,2020,235001746.0,2019.0,4200847.0,1.8201172604617974
درآمد و فقر,جمعیت کل,SP.POP.TOTL,WB_WDI_SP_POP_TOTL,PS,2021,239477801.0,2020.0,4476055.0,1.9046901038769302
درآمد و فقر,جمعیت کل,SP.POP.TOTL,WB_WDI_SP_POP_TOTL,PS,2022,243700667.0,2021.0,4222866.0,1.7633642794306434
درآمد و فقر,جمعیت کل,SP.POP.TOTL,WB_WDI_SP_POP_TOTL,PS,2023,247504495.0,2022.0,3803828.0,1.5608607259166838
درآمد و فقر,جمعیت کل,SP.POP.TOTL,WB_WDI_SP_POP_TOTL,PS,2024,251269164.0,2023.0,3764669.0,1.5210507590983346
درآمد و فقر,جمعیت کل,SP.POP.TOTL,WB_WDI_SP_POP_TOTL,PS,2025,,,,
درآمد و فقر,جمعیت کل,SP.POP.TOTL,WB_WDI_SP_POP_TOTL,PS,2026,,,,
سلامت,امید به زندگی (سال),SP.DYN.LE00.IN,WB_WDI_SP_DYN_LE00_IN,YR,2010,64.378,,,
سلامت,امید به زندگی (سال),SP.DYN.LE00.IN,WB_WDI_SP_DYN_LE00_IN,YR,2011,64.659,2010.0,0.2810000000000059,0.43648451334307675
سلامت,امید به زندگی (سال),SP.DYN.LE00.IN,WB_WDI_SP_DYN_LE00_IN,YR,2012,64.883,2011.0,0.22399999999998954,0.34643282451010615
سلامت,امید به زندگی (سال),SP.DYN.LE00.IN,WB_WDI_SP_DYN_LE00_IN,YR,2013,65.129,2012.0,0.24600000000000932,0.37914399765733603
سلامت,امید به زندگی (سال),SP.DYN.LE00.IN,WB_WDI_SP_DYN_LE00_IN,YR,2014,65.374,2013.0,0.24499999999999034,0.376176511231541
سلامت,امید به زندگی (سال),SP.DYN.LE00.IN,WB_WDI_SP_DYN_LE00_IN,YR,2015,65.641,2014.0,0.2670000000000101,0.40841924924283374
سلامت,امید به زندگی (سال),SP.DYN.LE00.IN,WB_WDI_SP_DYN_LE00_IN,YR,2016,65.943,2015.0,0.3019999999999925,0.4600783047180763
سلامت,امید به زندگی (سال),SP.DYN.LE00.IN,WB_WDI_SP_DYN_LE00_IN,YR,2017,66.223,2016.0,0.28000000000000114,0.42460913212926493
سلامت,امید به زندگی (سال),SP.DYN.LE00.IN,WB_WDI_SP_DYN_LE00_IN,YR,2018,66.481,2017.0,0.25799999999999557,0.3895927396825809
سلامت,امید به زندگی (سال),SP.DYN.LE00.IN,WB_WDI_SP_DYN_LE00_IN,YR,2019,66.729,2018.0,0.24800000000000466,0.3730389133737529
سلامت,امید به زندگی (سال),SP.DYN.LE00.IN,WB_WDI_SP_DYN_LE00_IN,YR,2020,65.701,2019.0,-1.0280000000000058,-1.5405595767957048
سلامت,امید به زندگی (سال),SP.DYN.LE00.IN,WB_WDI_SP_DYN_LE00_IN,YR,2021,65.773,2020.0,0.07200000000000273,0.10958737309934817
سلامت,امید به زندگی (سال),SP.DYN.LE00.IN,WB_WDI_SP_DYN_LE00_IN,YR,2022,67.417,2021.0,1.6440000000000055,2.4995058762714266
سلامت,امید به زندگی (سال),SP.DYN.LE00.IN,WB_WDI_SP_DYN_LE00_IN,YR,2023,67.649,2022.0,0.23199999999999932,0.3441268522776144
سلامت,امید به زندگی (سال),SP.DYN.LE00.IN,WB_WDI_SP_DYN_LE00_IN,YR,2024,67.799,2023.0,0.15000000000000568,0.22173276766841443
سلامت,امید به زندگی (سال),SP.DYN.LE00.IN,WB_WDI_SP_DYN_LE00_IN,YR,2025,,,,
سلامت,امید به زندگی (سال),SP.DYN.LE00.IN,WB_WDI_SP_DYN_LE00_IN,YR,2026,,,,
سلامت,مرگ‌ومیر زیر ۵ سال (در ۱۰۰۰),SH.DYN.MORT,WB_WDI_SH_DYN_MORT,DT_10P3BR_L,2010,86.5,,,
سلامت,مرگ‌ومیر زیر ۵ سال (در ۱۰۰۰),SH.DYN.MORT,WB_WDI_SH_DYN_MORT,DT_10P3BR_L,2011,84.3,2010.0,-2.200000000000003,-2.5433526011560725
سلامت,مرگ‌ومیر زیر ۵ سال (در ۱۰۰۰),SH.DYN.MORT,WB_WDI_SH_DYN_MORT,DT_10P3BR_L,2012,82.0,2011.0,-2.299999999999997,-2.7283511269276364
سلامت,مرگ‌ومیر زیر ۵ سال (در ۱۰۰۰),SH.DYN.MORT,WB_WDI_SH_DYN_MORT,DT_10P3BR_L,2013,79.6,2012.0,-2.4000000000000057,-2.9268292682926895
سلامت,مرگ‌ومیر زیر ۵ سال (در ۱۰۰۰),SH.DYN.MORT,WB_WDI_SH_DYN_MORT,DT_10P3BR_L,2014,77.2,2013.0,-2.3999999999999915,-3.0150753768844116
سلامت,مرگ‌ومیر زیر ۵ سال (در ۱۰۰۰),SH.DYN.MORT,WB_WDI_SH_DYN_MORT,DT_10P3BR_L,2015,74.8,2014.0,-2.4000000000000057,-3.1088082901554475
سلامت,مرگ‌ومیر زیر ۵ سال (در ۱۰۰۰),SH.DYN.MORT,WB_WDI_SH_DYN_MORT,DT_10P3BR_L,2016,72.4,2015.0,-2.3999999999999915,-3.2085561497326087
سلامت,مرگ‌ومیر زیر ۵ سال (در ۱۰۰۰),SH.DYN.MORT,WB_WDI_SH_DYN_MORT,DT_10P3BR_L,2017,70.1,2016.0,-2.3000000000000114,-3.1767955801105128
سلامت,مرگ‌ومیر زیر ۵ سال (در ۱۰۰۰),SH.DYN.MORT,WB_WDI_SH_DYN_MORT,DT_10P3BR_L,2018,67.9,2017.0,-2.1999999999999886,-3.138373751783151
سلامت,مرگ‌ومیر زیر ۵ سال (در ۱۰۰۰),SH.DYN.MORT,WB_WDI_SH_DYN_MORT,DT_10P3BR_L,2019,65.8,2018.0,-2.1000000000000085,-3.0927835051546513
سلامت,مرگ‌ومیر زیر ۵ سال (در ۱۰۰۰),SH.DYN.MORT,WB_WDI_SH_DYN_MORT,DT_10P3BR_L,2020,63.7,2019.0,-2.0999999999999943,-3.191489361702119
سلامت,مرگ‌ومیر زیر ۵ سال (در ۱۰۰۰),SH.DYN.MORT,WB_WDI_SH_DYN_MORT,DT_10P3BR_L,2021,61.7,2020.0,-2.0,-3.139717425431711
سلامت,مرگ‌ومیر زیر ۵ سال (در ۱۰۰۰),SH.DYN.MORT,WB_WDI_SH_DYN_MORT,DT_10P3BR_L,2022,59.7,2021.0,-2.0,-3.2414910858995136
سلامت,مرگ‌ومیر زیر ۵ سال (در ۱۰۰۰),SH.DYN.MORT,WB_WDI_SH_DYN_MORT,DT_10P3BR_L,2023,57.8,2022.0,-1.9000000000000057,-3.1825795644891213
سلامت,مرگ‌ومیر زیر ۵ سال (در ۱۰۰۰),SH.DYN.MORT,WB_WDI_SH_DYN_MORT,DT_10P3BR_L,2024,56.0,2023.0,-1.7999999999999972,-3.114186851211068
سلامت,مرگ‌ومیر زیر ۵ سال (در ۱۰۰۰),SH.DYN.MORT,WB_WDI_SH_DYN_MORT,DT_10P3BR_L,2025,,,,
سلامت,مرگ‌ومیر زیر ۵ سال (در ۱۰۰۰),SH.DYN.MORT,WB_WDI_SH_DYN_MORT,DT_10P3BR_L,2026,,,,
سلامت,"مرگ‌ومیر مادران (در ۱۰۰,۰۰۰)",SH.STA.MMRT,WB_WDI_SH_STA_MMRT,DT_10P5BR_L,2010,240.0,,,
سلامت,"مرگ‌ومیر مادران (در ۱۰۰,۰۰۰)",SH.STA.MMRT,WB_WDI_SH_STA_MMRT,DT_10P5BR_L,2011,234.0,2010.0,-6.0,-2.5
سلامت,"مرگ‌ومیر مادران (در ۱۰۰,۰۰۰)",SH.STA.MMRT,WB_WDI_SH_STA_MMRT,DT_10P5BR_L,2012,227.0,2011.0,-7.0,-2.9914529914529915
سلامت,"مرگ‌ومیر مادران (در ۱۰۰,۰۰۰)",SH.STA.MMRT,WB_WDI_SH_STA_MMRT,DT_10P5BR_L,2013,220.0,2012.0,-7.0,-3.0837004405286343
سلامت,"مرگ‌ومیر مادران (در ۱۰۰,۰۰۰)",SH.STA.MMRT,WB_WDI_SH_STA_MMRT,DT_10P5BR_L,2014,211.0,2013.0,-9.0,-4.090909090909091
سلامت,"مرگ‌ومیر مادران (در ۱۰۰,۰۰۰)",SH.STA.MMRT,WB_WDI_SH_STA_MMRT,DT_10P5BR_L,2015,202.0,2014.0,-9.0,-4.265402843601896
سلامت,"مرگ‌ومیر مادران (در ۱۰۰,۰۰۰)",SH.STA.MMRT,WB_WDI_SH_STA_MMRT,DT_10P5BR_L,2016,193.0,2015.0,-9.0,-4.455445544554455
سلامت,"مرگ‌ومیر مادران (در ۱۰۰,۰۰۰)",SH.STA.MMRT,WB_WDI_SH_STA_MMRT,DT_10P5BR_L,2017,184.0,2016.0,-9.0,-4.66321243523316
سلامت,"مرگ‌ومیر مادران (در ۱۰۰,۰۰۰)",SH.STA.MMRT,WB_WDI_SH_STA_MMRT,DT_10P5BR_L,2018,178.0,2017.0,-6.0,-3.260869565217391
سلامت,"مرگ‌ومیر مادران (در ۱۰۰,۰۰۰)",SH.STA.MMRT,WB_WDI_SH_STA_MMRT,DT_10P5BR_L,2019,173.0,2018.0,-5.0,-2.8089887640449436
سلامت,"مرگ‌ومیر مادران (در ۱۰۰,۰۰۰)",SH.STA.MMRT,WB_WDI_SH_STA_MMRT,DT_10P5BR_L,2020,178.0,2019.0,5.0,2.8901734104046244
سلامت,"مرگ‌ومیر مادران (در ۱۰۰,۰۰۰)",SH.STA.MMRT,WB_WDI_SH_STA_MMRT,DT_10P5BR_L,2021,193.0,2020.0,15.0,8.426966292134832
سلامت,"مرگ‌ومیر مادران (در ۱۰۰,۰۰۰)",SH.STA.MMRT,WB_WDI_SH_STA_MMRT,DT_10P5BR_L,2022,160.0,2021.0,-33.0,-17.098445595854923
سلامت,"مرگ‌ومیر مادران (در ۱۰۰,۰۰۰)",SH.STA.MMRT,WB_WDI_SH_STA_MMRT,DT_10P5BR_L,2023,155.0,2022.0,-5.0,-3.125
سلامت,"مرگ‌ومیر مادران (در ۱۰۰,۰۰۰)",SH.STA.MMRT,WB_WDI_SH_STA_MMRT,DT_10P5BR_L,2024,,,,
سلامت,"مرگ‌ومیر مادران (در ۱۰۰,۰۰۰)",SH.STA.MMRT,WB_WDI_SH_STA_MMRT,DT_10P5BR_L,2025,,,,
سلامت,"مرگ‌ومیر مادران (در ۱۰۰,۰۰۰)",SH.STA.MMRT,WB_WDI_SH_STA_MMRT,DT_10P5BR_L,2026,,,,
سلامت,هزینه بهداشت (% GDP),SH.XPD.CHEX.GD.ZS,WB_WDI_SH_XPD_CHEX_GD_ZS,PT_GDP,2010,2.429677,,,
سلامت,هزینه بهداشت (% GDP),SH.XPD.CHEX.GD.ZS,WB_WDI_SH_XPD_CHEX_GD_ZS,PT_GDP,2011,2.231213,2010.0,-0.19846399999999997,-8.168328547374815
سلامت,هزینه بهداشت (% GDP),SH.XPD.CHEX.GD.ZS,WB_WDI_SH_XPD_CHEX_GD_ZS,PT_GDP,2012,2.221853,2011.0,-0.009360000000000035,-0.41950275477957666
سلامت,هزینه بهداشت (% GDP),SH.XPD.CHEX.GD.ZS,WB_WDI_SH_XPD_CHEX_GD_ZS,PT_GDP,2013,2.416478,2012.0,0.19462500000000027,8.759580404284184
سلامت,هزینه بهداشت (% GDP),SH.XPD.CHEX.GD.ZS,WB_WDI_SH_XPD_CHEX_GD_ZS,PT_GDP,2014,2.488991,2013.0,0.07251299999999983,3.000772198215743
سلامت,هزینه بهداشت (% GDP),SH.XPD.CHEX.GD.ZS,WB_WDI_SH_XPD_CHEX_GD_ZS,PT_GDP,2015,2.494933,2014.0,0.005942000000000114,0.23873127705162914
سلامت,هزینه بهداشت (% GDP),SH.XPD.CHEX.GD.ZS,WB_WDI_SH_XPD_CHEX_GD_ZS,PT_GDP,2016,2.570264,2015.0,0.07533099999999981,3.019359638114523
سلامت,هزینه بهداشت (% GDP),SH.XPD.CHEX.GD.ZS,WB_WDI_SH_XPD_CHEX_GD_ZS,PT_GDP,2017,2.786301,2016.0,0.21603700000000003,8.405245531198354
سلامت,هزینه بهداشت (% GDP),SH.XPD.CHEX.GD.ZS,WB_WDI_SH_XPD_CHEX_GD_ZS,PT_GDP,2018,2.828449,2017.0,0.042148000000000074,1.5126865331491492
سلامت,هزینه بهداشت (% GDP),SH.XPD.CHEX.GD.ZS,WB_WDI_SH_XPD_CHEX_GD_ZS,PT_GDP,2019,2.847369,2018.0,0.018920000000000048,0.6689178415449615
سلامت,هزینه بهداشت (% GDP),SH.XPD.CHEX.GD.ZS,WB_WDI_SH_XPD_CHEX_GD_ZS,PT_GDP,2020,2.95273,2019.0,0.10536099999999982,3.7002931478146954
سلامت,هزینه بهداشت (% GDP),SH.XPD.CHEX.GD.ZS,WB_WDI_SH_XPD_CHEX_GD_ZS,PT_GDP,2021,2.990158,2020.0,0.03742800000000024,1.2675727208380123
سلامت,هزینه بهداشت (% GDP),SH.XPD.CHEX.GD.ZS,WB_WDI_SH_XPD_CHEX_GD_ZS,PT_GDP,2022,2.903548,2021.0,-0.0866100000000003,-2.8965024590673902
سلامت,هزینه بهداشت (% GDP),SH.XPD.CHEX.GD.ZS,WB_WDI_SH_XPD_CHEX_GD_ZS,PT_GDP,2023,2.519883,2022.0,-0.3836649999999997,-13.213661355004284
سلامت,هزینه بهداشت (% GDP),SH.XPD.CHEX.GD.ZS,WB_WDI_SH_XPD_CHEX_GD_ZS,PT_GDP,2024,,,,
سلامت,هزینه بهداشت (% GDP),SH.XPD.CHEX.GD.ZS,WB_WDI_SH_XPD_CHEX_GD_ZS,PT_GDP,2025,,,,
سلامت,هزینه بهداشت (% GDP),SH.XPD.CHEX.GD.ZS,WB_WDI_SH_XPD_CHEX_GD_ZS,PT_GDP,2026,,,,
سلامت,پزشک به ازای ۱۰۰۰ نفر,SH.MED.PHYS.ZS,WB_WDI_SH_MED_PHYS_ZS,10P3PS,2010,0.727,,,
سلامت,پزشک به ازای ۱۰۰۰ نفر,SH.MED.PHYS.ZS,WB_WDI_SH_MED_PHYS_ZS,10P3PS,2011,0.748,2010.0,0.02100000000000002,2.888583218707018
سلامت,پزشک به ازای ۱۰۰۰ نفر,SH.MED.PHYS.ZS,WB_WDI_SH_MED_PHYS_ZS,10P3PS,2012,0.775,2011.0,0.027000000000000024,3.609625668449201
سلامت,پزشک به ازای ۱۰۰۰ نفر,SH.MED.PHYS.ZS,WB_WDI_SH_MED_PHYS_ZS,10P3PS,2013,0.795,2012.0,0.020000000000000018,2.5806451612903247
سلامت,پزشک به ازای ۱۰۰۰ نفر,SH.MED.PHYS.ZS,WB_WDI_SH_MED_PHYS_ZS,10P3PS,2014,0.818,2013.0,0.02299999999999991,2.893081761006278
سلامت,پزشک به ازای ۱۰۰۰ نفر,SH.MED.PHYS.ZS,WB_WDI_SH_MED_PHYS_ZS,10P3PS,2015,0.85,2014.0,0.03200000000000003,3.911980440097803
سلامت,پزشک به ازای ۱۰۰۰ نفر,SH.MED.PHYS.ZS,WB_WDI_SH_MED_PHYS_ZS,10P3PS,2016,0.89,2015.0,0.040000000000000036,4.70588235294118
سلامت,پزشک به ازای ۱۰۰۰ نفر,SH.MED.PHYS.ZS,WB_WDI_SH_MED_PHYS_ZS,10P3PS,2017,0.932,2016.0,0.04200000000000004,4.71910112359551
سلامت,پزشک به ازای ۱۰۰۰ نفر,SH.MED.PHYS.ZS,WB_WDI_SH_MED_PHYS_ZS,10P3PS,2018,0.917,2017.0,-0.015000000000000013,-1.6094420600858381
سلامت,پزشک به ازای ۱۰۰۰ نفر,SH.MED.PHYS.ZS,WB_WDI_SH_MED_PHYS_ZS,10P3PS,2019,1.049,2018.0,0.1319999999999999,14.394765539803695
سلامت,پزشک به ازای ۱۰۰۰ نفر,SH.MED.PHYS.ZS,WB_WDI_SH_MED_PHYS_ZS,10P3PS,2020,,,,
سلامت,پزشک به ازای ۱۰۰۰ نفر,SH.MED.PHYS.ZS,WB_WDI_SH_MED_PHYS_ZS,10P3PS,2021,1.16,2019.0,0.11099999999999999,10.581506196377502
سلامت,پزشک به ازای ۱۰۰۰ نفر,SH.MED.PHYS.ZS,WB_WDI_SH_MED_PHYS_ZS,10P3PS,2022,,,,
سلامت,پزشک به ازای ۱۰۰۰ نفر,SH.MED.PHYS.ZS,WB_WDI_SH_MED_PHYS_ZS,10P3PS,2023,,,,
سلامت,پزشک به ازای ۱۰۰۰ نفر,SH.MED.PHYS.ZS,WB_WDI_SH_MED_PHYS_ZS,10P3PS,2024,,,,
سلامت,پزشک به ازای ۱۰۰۰ نفر,SH.MED.PHYS.ZS,WB_WDI_SH_MED_PHYS_ZS,10P3PS,2025,,,,
سلامت,پزشک به ازای ۱۰۰۰ نفر,SH.MED.PHYS.ZS,WB_WDI_SH_MED_PHYS_ZS,10P3PS,2026,,,,
سلامت,سوءتغذیه (%),SN.ITK.DEFC.ZS,WB_WDI_SN_ITK_DEFC_ZS,PT_POP,2010,15.5,,,
سلامت,سوءتغذیه (%),SN.ITK.DEFC.ZS,WB_WDI_SN_ITK_DEFC_ZS,PT_POP,2011,15.4,2010.0,-0.09999999999999964,-0.6451612903225784
سلامت,سوءتغذیه (%),SN.ITK.DEFC.ZS,WB_WDI_SN_ITK_DEFC_ZS,PT_POP,2012,15.0,2011.0,-0.40000000000000036,-2.5974025974025996
سلامت,سوءتغذیه (%),SN.ITK.DEFC.ZS,WB_WDI_SN_ITK_DEFC_ZS,PT_POP,2013,14.7,2012.0,-0.3000000000000007,-2.000000000000005
سلامت,سوءتغذیه (%),SN.ITK.DEFC.ZS,WB_WDI_SN_ITK_DEFC_ZS,PT_POP,2014,14.2,2013.0,-0.5,-3.4013605442176873
سلامت,سوءتغذیه (%),SN.ITK.DEFC.ZS,WB_WDI_SN_ITK_DEFC_ZS,PT_POP,2015,13.3,2014.0,-0.8999999999999986,-6.338028169014074
سلامت,سوءتغذیه (%),SN.ITK.DEFC.ZS,WB_WDI_SN_ITK_DEFC_ZS,PT_POP,2016,11.5,2015.0,-1.8000000000000007,-13.53383458646617
سلامت,سوءتغذیه (%),SN.ITK.DEFC.ZS,WB_WDI_SN_ITK_DEFC_ZS,PT_POP,2017,11.7,2016.0,0.1999999999999993,1.7391304347826024
سلامت,سوءتغذیه (%),SN.ITK.DEFC.ZS,WB_WDI_SN_ITK_DEFC_ZS,PT_POP,2018,10.9,2017.0,-0.7999999999999989,-6.837606837606828
سلامت,سوءتغذیه (%),SN.ITK.DEFC.ZS,WB_WDI_SN_ITK_DEFC_ZS,PT_POP,2019,12.9,2018.0,2.0,18.348623853211006
سلامت,سوءتغذیه (%),SN.ITK.DEFC.ZS,WB_WDI_SN_ITK_DEFC_ZS,PT_POP,2020,13.4,2019.0,0.5,3.875968992248062
سلامت,سوءتغذیه (%),SN.ITK.DEFC.ZS,WB_WDI_SN_ITK_DEFC_ZS,PT_POP,2021,16.4,2020.0,2.9999999999999982,22.388059701492523
سلامت,سوءتغذیه (%),SN.ITK.DEFC.ZS,WB_WDI_SN_ITK_DEFC_ZS,PT_POP,2022,16.7,2021.0,0.3000000000000007,1.8292682926829311
سلامت,سوءتغذیه (%),SN.ITK.DEFC.ZS,WB_WDI_SN_ITK_DEFC_ZS,PT_POP,2023,16.5,2022.0,-0.1999999999999993,-1.1976047904191574
سلامت,سوءتغذیه (%),SN.ITK.DEFC.ZS,WB_WDI_SN_ITK_DEFC_ZS,PT_POP,2024,,,,
سلامت,سوءتغذیه (%),SN.ITK.DEFC.ZS,WB_WDI_SN_ITK_DEFC_ZS,PT_POP,2025,,,,
سلامت,سوءتغذیه (%),SN.ITK.DEFC.ZS,WB_WDI_SN_ITK_DEFC_ZS,PT_POP,2026,,,,
آموزش,نرخ سواد بزرگسالان (%),SE.ADT.LITR.ZS,WB_WDI_SE_ADT_LITR_ZS,PT,2010,55.380001,,,
آموزش,نرخ سواد بزرگسالان (%),SE.ADT.LITR.ZS,WB_WDI_SE_ADT_LITR_ZS,PT,2011,54.740002,2010.0,-0.6399990000000031,-1.1556500333035442
آموزش,نرخ سواد بزرگسالان (%),SE.ADT.LITR.ZS,WB_WDI_SE_ADT_LITR_ZS,PT,2012,56.759998,2011.0,2.019996000000006,3.6901642787663875
آموزش,نرخ سواد بزرگسالان (%),SE.ADT.LITR.ZS,WB_WDI_SE_ADT_LITR_ZS,PT,2013,55.59,2012.0,-1.1699979999999996,-2.0613073312652332
آموزش,نرخ سواد بزرگسالان (%),SE.ADT.LITR.ZS,WB_WDI_SE_ADT_LITR_ZS,PT,2014,56.98,2013.0,1.3899999999999935,2.5004497211728607
آموزش,نرخ سواد بزرگسالان (%),SE.ADT.LITR.ZS,WB_WDI_SE_ADT_LITR_ZS,PT,2015,,,,
آموزش,نرخ سواد بزرگسالان (%),SE.ADT.LITR.ZS,WB_WDI_SE_ADT_LITR_ZS,PT,2016,,,,
آموزش,نرخ سواد بزرگسالان (%),SE.ADT.LITR.ZS,WB_WDI_SE_ADT_LITR_ZS,PT,2017,59.130001,2014.0,2.150001000000003,3.7732555282555342
آموزش,نرخ سواد بزرگسالان (%),SE.ADT.LITR.ZS,WB_WDI_SE_ADT_LITR_ZS,PT,2018,57.009998,2017.0,-2.120002999999997,-3.5853254932297345
آموزش,نرخ سواد بزرگسالان (%),SE.ADT.LITR.ZS,WB_WDI_SE_ADT_LITR_ZS,PT,2019,58.0,2018.0,0.9900019999999969,1.7365410186472852
آموزش,نرخ سواد بزرگسالان (%),SE.ADT.LITR.ZS,WB_WDI_SE_ADT_LITR_ZS,PT,2020,,,,
آموزش,نرخ سواد بزرگسالان (%),SE.ADT.LITR.ZS,WB_WDI_SE_ADT_LITR_ZS,PT,2021,58.860001,2019.0,0.8600009999999969,1.4827603448275808
آموزش,نرخ سواد بزرگسالان (%),SE.ADT.LITR.ZS,WB_WDI_SE_ADT_LITR_ZS,PT,2022,,,,
آموزش,نرخ سواد بزرگسالان (%),SE.ADT.LITR.ZS,WB_WDI_SE_ADT_LITR_ZS,PT,2023,,,,
آموزش,نرخ سواد بزرگسالان (%),SE.ADT.LITR.ZS,WB_WDI_SE_ADT_LITR_ZS,PT,2024,,,,
آموزش,نرخ سواد بزرگسالان (%),SE.ADT.LITR.ZS,WB_WDI_SE_ADT_LITR_ZS,PT,2025,,,,
آموزش,نرخ سواد بزرگسالان (%),SE.ADT.LITR.ZS,WB_WDI_SE_ADT_LITR_ZS,PT,2026,,,,
آموزش,ثبت‌نام ابتدایی (ناخالص %),SE.PRM.ENRR,WB_WDI_SE_PRM_ENRR,PT,2010,73.642737,,,
آموزش,ثبت‌نام ابتدایی (ناخالص %),SE.PRM.ENRR,WB_WDI_SE_PRM_ENRR,PT,2011,70.440669,2010.0,-3.202067999999997,-4.348111070342208
آموزش,ثبت‌نام ابتدایی (ناخالص %),SE.PRM.ENRR,WB_WDI_SE_PRM_ENRR,PT,2012,69.903864,2011.0,-0.5368050000000011,-0.7620668679339219
آموزش,ثبت‌نام ابتدایی (ناخالص %),SE.PRM.ENRR,WB_WDI_SE_PRM_ENRR,PT,2013,68.887572,2012.0,-1.0162919999999929,-1.4538423798718665
آموزش,ثبت‌نام ابتدایی (ناخالص %),SE.PRM.ENRR,WB_WDI_SE_PRM_ENRR,PT,2014,72.189797,2013.0,3.302224999999993,4.793644055273123
آموزش,ثبت‌نام ابتدایی (ناخالص %),SE.PRM.ENRR,WB_WDI_SE_PRM_ENRR,PT,2015,71.739919,2014.0,-0.4498779999999982,-0.6231877892661177
آموزش,ثبت‌نام ابتدایی (ناخالص %),SE.PRM.ENRR,WB_WDI_SE_PRM_ENRR,PT,2016,75.733642,2015.0,3.993723000000003,5.566946625629732
آموزش,ثبت‌نام ابتدایی (ناخالص %),SE.PRM.ENRR,WB_WDI_SE_PRM_ENRR,PT,2017,74.49715,2016.0,-1.2364919999999984,-1.6326852470662883
آموزش,ثبت‌نام ابتدایی (ناخالص %),SE.PRM.ENRR,WB_WDI_SE_PRM_ENRR,PT,2018,77.386272,2017.0,2.8891220000000004,3.8781644666943635
آموزش,ثبت‌نام ابتدایی (ناخالص %),SE.PRM.ENRR,WB_WDI_SE_PRM_ENRR,PT,2019,78.702553,2018.0,1.3162809999999894,1.7009231301386234
آموزش,ثبت‌نام ابتدایی (ناخالص %),SE.PRM.ENRR,WB_WDI_SE_PRM_ENRR,PT,2020,,,,
آموزش,ثبت‌نام ابتدایی (ناخالص %),SE.PRM.ENRR,WB_WDI_SE_PRM_ENRR,PT,2021,80.316579,2019.0,1.6140260000000097,2.050792431091797
آموزش,ثبت‌نام ابتدایی (ناخالص %),SE.PRM.ENRR,WB_WDI_SE_PRM_ENRR,PT,2022,78.940025,2021.0,-1.3765539999999987,-1.7139101504808847
آموزش,ثبت‌نام ابتدایی (ناخالص %),SE.PRM.ENRR,WB_WDI_SE_PRM_ENRR,PT,2023,81.379635,2022.0,2.4396099999999876,3.0904601309664996
آموزش,ثبت‌نام ابتدایی (ناخالص %),SE.PRM.ENRR,WB_WDI_SE_PRM_ENRR,PT,2024,83.726068,2023.0,2.3464330000000047,2.8833171837155636
آموزش,ثبت‌نام ابتدایی (ناخالص %),SE.PRM.ENRR,WB_WDI_SE_PRM_ENRR,PT,2025,,,,
آموزش,ثبت‌نام ابتدایی (ناخالص %),SE.PRM.ENRR,WB_WDI_SE_PRM_ENRR,PT,2026,,,,
آموزش,ثبت‌نام متوسطه (ناخالص %),SE.SEC.ENRR,WB_WDI_SE_SEC_ENRR,PT,2010,29.29629,,,
آموزش,ثبت‌نام متوسطه (ناخالص %),SE.SEC.ENRR,WB_WDI_SE_SEC_ENRR,PT,2011,29.727146,2010.0,0.4308560000000021,1.4706845132950355
آموزش,ثبت‌نام متوسطه (ناخالص %),SE.SEC.ENRR,WB_WDI_SE_SEC_ENRR,PT,2012,30.63002,2011.0,0.9028739999999971,3.0372037732784607
آموزش,ثبت‌نام متوسطه (ناخالص %),SE.SEC.ENRR,WB_WDI_SE_SEC_ENRR,PT,2013,31.544819,2012.0,0.9147990000000021,2.986609215403719
آموزش,ثبت‌نام متوسطه (ناخالص %),SE.SEC.ENRR,WB_WDI_SE_SEC_ENRR,PT,2014,32.657343,2013.0,1.112523999999997,3.526804195643021
آموزش,ثبت‌نام متوسطه (ناخالص %),SE.SEC.ENRR,WB_WDI_SE_SEC_ENRR,PT,2015,34.674147,2014.0,2.0168040000000005,6.175652440555255
آموزش,ثبت‌نام متوسطه (ناخالص %),SE.SEC.ENRR,WB_WDI_SE_SEC_ENRR,PT,2016,35.864325,2015.0,1.190178000000003,3.432465115868613
آموزش,ثبت‌نام متوسطه (ناخالص %),SE.SEC.ENRR,WB_WDI_SE_SEC_ENRR,PT,2017,35.322425,2016.0,-0.5418999999999983,-1.5109722544617759
آموزش,ثبت‌نام متوسطه (ناخالص %),SE.SEC.ENRR,WB_WDI_SE_SEC_ENRR,PT,2018,37.146606,2017.0,1.8241809999999958,5.164370792775399
آموزش,ثبت‌نام متوسطه (ناخالص %),SE.SEC.ENRR,WB_WDI_SE_SEC_ENRR,PT,2019,38.751155,2018.0,1.6045489999999987,4.319503644559072
آموزش,ثبت‌نام متوسطه (ناخالص %),SE.SEC.ENRR,WB_WDI_SE_SEC_ENRR,PT,2020,,,,
آموزش,ثبت‌نام متوسطه (ناخالص %),SE.SEC.ENRR,WB_WDI_SE_SEC_ENRR,PT,2021,40.25789,2019.0,1.5067350000000062,3.8882324926831373
آموزش,ثبت‌نام متوسطه (ناخالص %),SE.SEC.ENRR,WB_WDI_SE_SEC_ENRR,PT,2022,40.417766,2021.0,0.15987599999999702,0.3971296061467628
آموزش,ثبت‌نام متوسطه (ناخالص %),SE.SEC.ENRR,WB_WDI_SE_SEC_ENRR,PT,2023,42.291145,2022.0,1.873379,4.635038463036279
آموزش,ثبت‌نام متوسطه (ناخالص %),SE.SEC.ENRR,WB_WDI_SE_SEC_ENRR,PT,2024,48.280502,2023.0,5.989356999999998,14.162201094342558
آموزش,ثبت‌نام متوسطه (ناخالص %),SE.SEC.ENRR,WB_WDI_SE_SEC_ENRR,PT,2025,,,,
آموزش,ثبت‌نام متوسطه (ناخالص %),SE.SEC.ENRR,WB_WDI_SE_SEC_ENRR,PT,2026,,,,
آموزش,ثبت‌نام دانشگاهی (ناخالص %),SE.TER.ENRR,WB_WDI_SE_TER_ENRR,PT,2010,7.033038,,,
آموزش,ثبت‌نام دانشگاهی (ناخالص %),SE.TER.ENRR,WB_WDI_SE_TER_ENRR,PT,2011,7.317396,2010.0,0.2843579999999992,4.043174514342155
آموزش,ثبت‌نام دانشگاهی (ناخالص %),SE.TER.ENRR,WB_WDI_SE_TER_ENRR,PT,2012,8.333036,2011.0,1.0156400000000003,13.879800956515137
آموزش,ثبت‌نام دانشگاهی (ناخالص %),SE.TER.ENRR,WB_WDI_SE_TER_ENRR,PT,2013,8.71836,2012.0,0.38532400000000067,4.624052986210557
آموزش,ثبت‌نام دانشگاهی (ناخالص %),SE.TER.ENRR,WB_WDI_SE_TER_ENRR,PT,2014,8.745692,2013.0,0.027331999999999468,0.3134993278552327
آموزش,ثبت‌نام دانشگاهی (ناخالص %),SE.TER.ENRR,WB_WDI_SE_TER_ENRR,PT,2015,8.435566,2014.0,-0.31012600000000035,-3.5460430118051307
آموزش,ثبت‌نام دانشگاهی (ناخالص %),SE.TER.ENRR,WB_WDI_SE_TER_ENRR,PT,2016,8.319739,2015.0,-0.11582699999999946,-1.3730791745331548
آموزش,ثبت‌نام دانشگاهی (ناخالص %),SE.TER.ENRR,WB_WDI_SE_TER_ENRR,PT,2017,8.622281,2016.0,0.302541999999999,3.636436191087232
آموزش,ثبت‌نام دانشگاهی (ناخالص %),SE.TER.ENRR,WB_WDI_SE_TER_ENRR,PT,2018,8.206831,2017.0,-0.4154499999999999,-4.818330555452785
آموزش,ثبت‌نام دانشگاهی (ناخالص %),SE.TER.ENRR,WB_WDI_SE_TER_ENRR,PT,2019,11.103639,2018.0,2.896808,35.29752227138588
آموزش,ثبت‌نام دانشگاهی (ناخالص %),SE.TER.ENRR,WB_WDI_SE_TER_ENRR,PT,2020,11.724598,2019.0,0.6209590000000009,5.592391827580138
آموزش,ثبت‌نام دانشگاهی (ناخالص %),SE.TER.ENRR,WB_WDI_SE_TER_ENRR,PT,2021,12.381001,2020.0,0.6564029999999992,5.598511778399559
آموزش,ثبت‌نام دانشگاهی (ناخالص %),SE.TER.ENRR,WB_WDI_SE_TER_ENRR,PT,2022,10.505718,2021.0,-1.8752829999999996,-15.146457059489776
آموزش,ثبت‌نام دانشگاهی (ناخالص %),SE.TER.ENRR,WB_WDI_SE_TER_ENRR,PT,2023,10.47703,2022.0,-0.028688000000000713,-0.273070341313185
آموزش,ثبت‌نام دانشگاهی (ناخالص %),SE.TER.ENRR,WB_WDI_SE_TER_ENRR,PT,2024,10.856413,2023.0,0.3793830000000007,3.621093000592732
آموزش,ثبت‌نام دانشگاهی (ناخالص %),SE.TER.ENRR,WB_WDI_SE_TER_ENRR,PT,2025,,,,
آموزش,ثبت‌نام دانشگاهی (ناخالص %),SE.TER.ENRR,WB_WDI_SE_TER_ENRR,PT,2026,,,,
آموزش,هزینه آموزش (% GDP),SE.XPD.TOTL.GD.ZS,WB_WDI_SE_XPD_TOTL_GD_ZS,PT_GDP,2010,2.05268,,,
آموزش,هزینه آموزش (% GDP),SE.XPD.TOTL.GD.ZS,WB_WDI_SE_XPD_TOTL_GD_ZS,PT_GDP,2011,2.00101,2010.0,-0.051670000000000105,-2.5171970302239077
آموزش,هزینه آموزش (% GDP),SE.XPD.TOTL.GD.ZS,WB_WDI_SE_XPD_TOTL_GD_ZS,PT_GDP,2012,1.9788,2011.0,-0.022210000000000063,-1.109939480562319
آموزش,هزینه آموزش (% GDP),SE.XPD.TOTL.GD.ZS,WB_WDI_SE_XPD_TOTL_GD_ZS,PT_GDP,2013,2.23699,2012.0,0.25819000000000014,13.047806751566615
آموزش,هزینه آموزش (% GDP),SE.XPD.TOTL.GD.ZS,WB_WDI_SE_XPD_TOTL_GD_ZS,PT_GDP,2014,2.20434,2013.0,-0.032649999999999846,-1.4595505567749452
آموزش,هزینه آموزش (% GDP),SE.XPD.TOTL.GD.ZS,WB_WDI_SE_XPD_TOTL_GD_ZS,PT_GDP,2015,2.38609,2014.0,0.18174999999999963,8.24509830606892
آموزش,هزینه آموزش (% GDP),SE.XPD.TOTL.GD.ZS,WB_WDI_SE_XPD_TOTL_GD_ZS,PT_GDP,2016,2.66805,2015.0,0.2819600000000002,11.816821662217277
آموزش,هزینه آموزش (% GDP),SE.XPD.TOTL.GD.ZS,WB_WDI_SE_XPD_TOTL_GD_ZS,PT_GDP,2017,2.57618,2016.0,-0.09187000000000012,-3.4433387680140974
آموزش,هزینه آموزش (% GDP),SE.XPD.TOTL.GD.ZS,WB_WDI_SE_XPD_TOTL_GD_ZS,PT_GDP,2018,2.332169,2017.0,-0.24401099999999998,-9.471814857657462
آموزش,هزینه آموزش (% GDP),SE.XPD.TOTL.GD.ZS,WB_WDI_SE_XPD_TOTL_GD_ZS,PT_GDP,2019,2.21492,2018.0,-0.11724899999999971,-5.0274658483154395
آموزش,هزینه آموزش (% GDP),SE.XPD.TOTL.GD.ZS,WB_WDI_SE_XPD_TOTL_GD_ZS,PT_GDP,2020,2.057182,2019.0,-0.15773800000000016,-7.1216116157694245
آموزش,هزینه آموزش (% GDP),SE.XPD.TOTL.GD.ZS,WB_WDI_SE_XPD_TOTL_GD_ZS,PT_GDP,2021,1.687461,2020.0,-0.36972099999999997,-17.972206639956987
آموزش,هزینه آموزش (% GDP),SE.XPD.TOTL.GD.ZS,WB_WDI_SE_XPD_TOTL_GD_ZS,PT_GDP,2022,1.973009,2021.0,0.2855479999999999,16.92175404350085
آموزش,هزینه آموزش (% GDP),SE.XPD.TOTL.GD.ZS,WB_WDI_SE_XPD_TOTL_GD_ZS,PT_GDP,2023,1.94658,2022.0,-0.026429000000000036,-1.3395275946536502
آموزش,هزینه آموزش (% GDP),SE.XPD.TOTL.GD.ZS,WB_WDI_SE_XPD_TOTL_GD_ZS,PT_GDP,2024,,,,
آموزش,هزینه آموزش (% GDP),SE.XPD.TOTL.GD.ZS,WB_WDI_SE_XPD_TOTL_GD_ZS,PT_GDP,2025,,,,
آموزش,هزینه آموزش (% GDP),SE.XPD.TOTL.GD.ZS,WB_WDI_SE_XPD_TOTL_GD_ZS,PT_GDP,2026,,,,
زیرساخت,دسترسی به برق (%),EG.ELC.ACCS.ZS,WB_WDI_EG_ELC_ACCS_ZS,PT_POP,2010,87.1,,,
زیرساخت,دسترسی به برق (%),EG.ELC.ACCS.ZS,WB_WDI_EG_ELC_ACCS_ZS,PT_POP,2011,87.8,2010.0,0.7000000000000028,0.8036739380022995
زیرساخت,دسترسی به برق (%),EG.ELC.ACCS.ZS,WB_WDI_EG_ELC_ACCS_ZS,PT_POP,2012,88.6,2011.0,0.7999999999999972,0.9111617312072862
زیرساخت,دسترسی به برق (%),EG.ELC.ACCS.ZS,WB_WDI_EG_ELC_ACCS_ZS,PT_POP,2013,89.3,2012.0,0.7000000000000028,0.7900677200902968
زیرساخت,دسترسی به برق (%),EG.ELC.ACCS.ZS,WB_WDI_EG_ELC_ACCS_ZS,PT_POP,2014,90.1,2013.0,0.7999999999999972,0.8958566629339274
زیرساخت,دسترسی به برق (%),EG.ELC.ACCS.ZS,WB_WDI_EG_ELC_ACCS_ZS,PT_POP,2015,91.0,2014.0,0.9000000000000057,0.9988901220865768
زیرساخت,دسترسی به برق (%),EG.ELC.ACCS.ZS,WB_WDI_EG_ELC_ACCS_ZS,PT_POP,2016,91.8,2015.0,0.7999999999999972,0.879120879120876
زیرساخت,دسترسی به برق (%),EG.ELC.ACCS.ZS,WB_WDI_EG_ELC_ACCS_ZS,PT_POP,2017,92.7,2016.0,0.9000000000000057,0.9803921568627514
زیرساخت,دسترسی به برق (%),EG.ELC.ACCS.ZS,WB_WDI_EG_ELC_ACCS_ZS,PT_POP,2018,93.4,2017.0,0.7000000000000028,0.7551240560949329
زیرساخت,دسترسی به برق (%),EG.ELC.ACCS.ZS,WB_WDI_EG_ELC_ACCS_ZS,PT_POP,2019,93.9,2018.0,0.5,0.5353319057815845
زیرساخت,دسترسی به برق (%),EG.ELC.ACCS.ZS,WB_WDI_EG_ELC_ACCS_ZS,PT_POP,2020,94.5,2019.0,0.5999999999999943,0.6389776357827415
زیرساخت,دسترسی به برق (%),EG.ELC.ACCS.ZS,WB_WDI_EG_ELC_ACCS_ZS,PT_POP,2021,94.9,2020.0,0.4000000000000057,0.4232804232804293
زیرساخت,دسترسی به برق (%),EG.ELC.ACCS.ZS,WB_WDI_EG_ELC_ACCS_ZS,PT_POP,2022,95.0,2021.0,0.09999999999999432,0.10537407797681171
زیرساخت,دسترسی به برق (%),EG.ELC.ACCS.ZS,WB_WDI_EG_ELC_ACCS_ZS,PT_POP,2023,95.6,2022.0,0.5999999999999943,0.631578947368415
زیرساخت,دسترسی به برق (%),EG.ELC.ACCS.ZS,WB_WDI_EG_ELC_ACCS_ZS,PT_POP,2024,,,,
زیرساخت,دسترسی به برق (%),EG.ELC.ACCS.ZS,WB_WDI_EG_ELC_ACCS_ZS,PT_POP,2025,,,,
زیرساخت,دسترسی به برق (%),EG.ELC.ACCS.ZS,WB_WDI_EG_ELC_ACCS_ZS,PT_POP,2026,,,,
زیرساخت,دسترسی به آب سالم (%),SH.H2O.BASW.ZS,WB_WDI_SH_H2O_BASW_ZS,PT_POP,2010,88.814735,,,
زیرساخت,دسترسی به آب سالم (%),SH.H2O.BASW.ZS,WB_WDI_SH_H2O_BASW_ZS,PT_POP,2011,88.978516,2010.0,0.16378100000000018,0.18440746346875908
زیرساخت,دسترسی به آب سالم (%),SH.H2O.BASW.ZS,WB_WDI_SH_H2O_BASW_ZS,PT_POP,2012,89.140566,2011.0,0.1620500000000078,0.18212261485683556
زیرساخت,دسترسی به آب سالم (%),SH.H2O.BASW.ZS,WB_WDI_SH_H2O_BASW_ZS,PT_POP,2013,89.300729,2012.0,0.16016299999999717,0.17967465003531294
زیرساخت,دسترسی به آب سالم (%),SH.H2O.BASW.ZS,WB_WDI_SH_H2O_BASW_ZS,PT_POP,2014,89.459147,2013.0,0.1584179999999975,0.17739832784567472
زیرساخت,دسترسی به آب سالم (%),SH.H2O.BASW.ZS,WB_WDI_SH_H2O_BASW_ZS,PT_POP,2015,89.61582,2014.0,0.15667299999999784,0.17513357242272592
زیرساخت,دسترسی به آب سالم (%),SH.H2O.BASW.ZS,WB_WDI_SH_H2O_BASW_ZS,PT_POP,2016,89.770715,2015.0,0.15489499999999623,0.17284336627170988
زیرساخت,دسترسی به آب سالم (%),SH.H2O.BASW.ZS,WB_WDI_SH_H2O_BASW_ZS,PT_POP,2017,89.923778,2016.0,0.15306300000000306,0.1705043788500549
زیرساخت,دسترسی به آب سالم (%),SH.H2O.BASW.ZS,WB_WDI_SH_H2O_BASW_ZS,PT_POP,2018,90.075847,2017.0,0.15206899999999735,0.16910877565664262
زیرساخت,دسترسی به آب سالم (%),SH.H2O.BASW.ZS,WB_WDI_SH_H2O_BASW_ZS,PT_POP,2019,90.226774,2018.0,0.15092700000001003,0.16755546023342976
زیرساخت,دسترسی به آب سالم (%),SH.H2O.BASW.ZS,WB_WDI_SH_H2O_BASW_ZS,PT_POP,2020,90.37633,2019.0,0.1495559999999898,0.1657556769124759
زیرساخت,دسترسی به آب سالم (%),SH.H2O.BASW.ZS,WB_WDI_SH_H2O_BASW_ZS,PT_POP,2021,90.524309,2020.0,0.14797900000000652,0.16373645621592128
زیرساخت,دسترسی به آب سالم (%),SH.H2O.BASW.ZS,WB_WDI_SH_H2O_BASW_ZS,PT_POP,2022,90.670456,2021.0,0.14614699999999914,0.16144503240560404
زیرساخت,دسترسی به آب سالم (%),SH.H2O.BASW.ZS,WB_WDI_SH_H2O_BASW_ZS,PT_POP,2023,90.681587,2022.0,0.011130999999991786,0.012276325157107169
زیرساخت,دسترسی به آب سالم (%),SH.H2O.BASW.ZS,WB_WDI_SH_H2O_BASW_ZS,PT_POP,2024,90.693299,2023.0,0.011712000000002831,0.012915521648295406
زیرساخت,دسترسی به آب سالم (%),SH.H2O.BASW.ZS,WB_WDI_SH_H2O_BASW_ZS,PT_POP,2025,,,,
زیرساخت,دسترسی به آب سالم (%),SH.H2O.BASW.ZS,WB_WDI_SH_H2O_BASW_ZS,PT_POP,2026,,,,
زیرساخت,دسترسی به بهداشت (%),SH.STA.BASS.ZS,WB_WDI_SH_STA_BASS_ZS,PT_POP,2010,49.206635,,,
زیرساخت,دسترسی به بهداشت (%),SH.STA.BASS.ZS,WB_WDI_SH_STA_BASS_ZS,PT_POP,2011,51.054808,2010.0,1.8481730000000027,3.755942669113632
زیرساخت,دسترسی به بهداشت (%),SH.STA.BASS.ZS,WB_WDI_SH_STA_BASS_ZS,PT_POP,2012,52.90861,2011.0,1.8538020000000017,3.6310037636416173
زیرساخت,دسترسی به بهداشت (%),SH.STA.BASS.ZS,WB_WDI_SH_STA_BASS_ZS,PT_POP,2013,54.767308,2012.0,1.8586979999999969,3.5130350239781323
زیرساخت,دسترسی به بهداشت (%),SH.STA.BASS.ZS,WB_WDI_SH_STA_BASS_ZS,PT_POP,2014,56.631464,2013.0,1.8641560000000013,3.4037751134308105
زیرساخت,دسترسی به بهداشت (%),SH.STA.BASS.ZS,WB_WDI_SH_STA_BASS_ZS,PT_POP,2015,58.500971,2014.0,1.8695069999999987,3.3011807711698897
زیرساخت,دسترسی به بهداشت (%),SH.STA.BASS.ZS,WB_WDI_SH_STA_BASS_ZS,PT_POP,2016,60.375705,2015.0,1.8747340000000037,3.2046203130542974
زیرساخت,دسترسی به بهداشت (%),SH.STA.BASS.ZS,WB_WDI_SH_STA_BASS_ZS,PT_POP,2017,62.255309,2016.0,1.8796039999999934,3.11317938233598
زیرساخت,دسترسی به بهداشت (%),SH.STA.BASS.ZS,WB_WDI_SH_STA_BASS_ZS,PT_POP,2018,64.143534,2017.0,1.8882250000000056,3.0330344999171164
زیرساخت,دسترسی به بهداشت (%),SH.STA.BASS.ZS,WB_WDI_SH_STA_BASS_ZS,PT_POP,2019,66.039837,2018.0,1.8963030000000032,2.95634319119368
زیرساخت,دسترسی به بهداشت (%),SH.STA.BASS.ZS,WB_WDI_SH_STA_BASS_ZS,PT_POP,2020,67.943382,2019.0,1.903544999999994,2.8824192888301554
زیرساخت,دسترسی به بهداشت (%),SH.STA.BASS.ZS,WB_WDI_SH_STA_BASS_ZS,PT_POP,2021,69.853338,2020.0,1.909955999999994,2.811099394492894
زیرساخت,دسترسی به بهداشت (%),SH.STA.BASS.ZS,WB_WDI_SH_STA_BASS_ZS,PT_POP,2022,71.768674,2021.0,1.9153360000000106,2.7419391182136645
زیرساخت,دسترسی به بهداشت (%),SH.STA.BASS.ZS,WB_WDI_SH_STA_BASS_ZS,PT_POP,2023,71.824325,2022.0,0.05565099999999745,0.07754218783531859
زیرساخت,دسترسی به بهداشت (%),SH.STA.BASS.ZS,WB_WDI_SH_STA_BASS_ZS,PT_POP,2024,71.88286,2023.0,0.05853499999999201,0.08149745925212942
زیرساخت,دسترسی به بهداشت (%),SH.STA.BASS.ZS,WB_WDI_SH_STA_BASS_ZS,PT_POP,2025,,,,
زیرساخت,دسترسی به بهداشت (%),SH.STA.BASS.ZS,WB_WDI_SH_STA_BASS_ZS,PT_POP,2026,,,,
زیرساخت,کاربران اینترنت (%),IT.NET.USER.ZS,WB_WDI_IT_NET_USER_ZS,PT_POP,2010,8.0,,,
زیرساخت,کاربران اینترنت (%),IT.NET.USER.ZS,WB_WDI_IT_NET_USER_ZS,PT_POP,2011,8.0,2010.0,0.0,0.0
زیرساخت,کاربران اینترنت (%),IT.NET.USER.ZS,WB_WDI_IT_NET_USER_ZS,PT_POP,2012,8.1,2011.0,0.09999999999999964,1.2499999999999956
زیرساخت,کاربران اینترنت (%),IT.NET.USER.ZS,WB_WDI_IT_NET_USER_ZS,PT_POP,2013,9.0,2012.0,0.9000000000000004,11.111111111111116
زیرساخت,کاربران اینترنت (%),IT.NET.USER.ZS,WB_WDI_IT_NET_USER_ZS,PT_POP,2014,10.0,2013.0,1.0,11.11111111111111
زیرساخت,کاربران اینترنت (%),IT.NET.USER.ZS,WB_WDI_IT_NET_USER_ZS,PT_POP,2015,11.0,2014.0,1.0,10.0
زیرساخت,کاربران اینترنت (%),IT.NET.USER.ZS,WB_WDI_IT_NET_USER_ZS,PT_POP,2016,12.385447,2015.0,1.3854469999999992,12.59497272727272
زیرساخت,کاربران اینترنت (%),IT.NET.USER.ZS,WB_WDI_IT_NET_USER_ZS,PT_POP,2017,13.78,2016.0,1.3945530000000002,11.259609766203837
زیرساخت,کاربران اینترنت (%),IT.NET.USER.ZS,WB_WDI_IT_NET_USER_ZS,PT_POP,2018,15.34,2017.0,1.5600000000000005,11.320754716981137
زیرساخت,کاربران اینترنت (%),IT.NET.USER.ZS,WB_WDI_IT_NET_USER_ZS,PT_POP,2019,17.070902,2018.0,1.7309020000000004,11.283585397653196
زیرساخت,کاربران اینترنت (%),IT.NET.USER.ZS,WB_WDI_IT_NET_USER_ZS,PT_POP,2020,18.935,2019.0,1.8640979999999985,10.919739331875952
زیرساخت,کاربران اینترنت (%),IT.NET.USER.ZS,WB_WDI_IT_NET_USER_ZS,PT_POP,2021,,,,
زیرساخت,کاربران اینترنت (%),IT.NET.USER.ZS,WB_WDI_IT_NET_USER_ZS,PT_POP,2022,,,,
زیرساخت,کاربران اینترنت (%),IT.NET.USER.ZS,WB_WDI_IT_NET_USER_ZS,PT_POP,2023,,,,
زیرساخت,کاربران اینترنت (%),IT.NET.USER.ZS,WB_WDI_IT_NET_USER_ZS,PT_POP,2024,57.253,2020.0,38.318,202.36598890942702
زیرساخت,کاربران اینترنت (%),IT.NET.USER.ZS,WB_WDI_IT_NET_USER_ZS,PT_POP,2025,,,,
زیرساخت,کاربران اینترنت (%),IT.NET.USER.ZS,WB_WDI_IT_NET_USER_ZS,PT_POP,2026,,,,
زیرساخت,تلفن همراه (در ۱۰۰ نفر),IT.CEL.SETS.P2,WB_WDI_IT_CEL_SETS_P2,10P2PS,2010,49.782332,,,
زیرساخت,تلفن همراه (در ۱۰۰ نفر),IT.CEL.SETS.P2,WB_WDI_IT_CEL_SETS_P2,10P2PS,2011,53.446194,2010.0,3.6638620000000017,7.359763700904976
زیرساخت,تلفن همراه (در ۱۰۰ نفر),IT.CEL.SETS.P2,WB_WDI_IT_CEL_SETS_P2,10P2PS,2012,57.857611,2011.0,4.411417,8.253940402192157
زیرساخت,تلفن همراه (در ۱۰۰ نفر),IT.CEL.SETS.P2,WB_WDI_IT_CEL_SETS_P2,10P2PS,2013,60.51778,2012.0,2.6601690000000033,4.5977857606322585
زیرساخت,تلفن همراه (در ۱۰۰ نفر),IT.CEL.SETS.P2,WB_WDI_IT_CEL_SETS_P2,10P2PS,2014,63.361844,2013.0,2.844063999999996,4.699551107129171
زیرساخت,تلفن همراه (در ۱۰۰ نفر),IT.CEL.SETS.P2,WB_WDI_IT_CEL_SETS_P2,10P2PS,2015,57.940598,2014.0,-5.4212459999999965,-8.55601045954407
زیرساخت,تلفن همراه (در ۱۰۰ نفر),IT.CEL.SETS.P2,WB_WDI_IT_CEL_SETS_P2,10P2PS,2016,62.001324,2015.0,4.060725999999995,7.008429564361754
زیرساخت,تلفن همراه (در ۱۰۰ نفر),IT.CEL.SETS.P2,WB_WDI_IT_CEL_SETS_P2,10P2PS,2017,64.730178,2016.0,2.7288539999999983,4.401283430657059
زیرساخت,تلفن همراه (در ۱۰۰ نفر),IT.CEL.SETS.P2,WB_WDI_IT_CEL_SETS_P2,10P2PS,2018,67.856766,2017.0,3.126587999999998,4.830186006903918
زیرساخت,تلفن همراه (در ۱۰۰ نفر),IT.CEL.SETS.P2,WB_WDI_IT_CEL_SETS_P2,10P2PS,2019,71.666032,2018.0,3.809266000000008,5.613686334535909
زیرساخت,تلفن همراه (در ۱۰۰ نفر),IT.CEL.SETS.P2,WB_WDI_IT_CEL_SETS_P2,10P2PS,2020,74.733217,2019.0,3.067184999999995,4.279830924642228
زیرساخت,تلفن همراه (در ۱۰۰ نفر),IT.CEL.SETS.P2,WB_WDI_IT_CEL_SETS_P2,10P2PS,2021,78.80123,2020.0,4.068013000000008,5.443380016679876
زیرساخت,تلفن همراه (در ۱۰۰ نفر),IT.CEL.SETS.P2,WB_WDI_IT_CEL_SETS_P2,10P2PS,2022,79.105054,2021.0,0.30382399999999166,0.3855574335578158
زیرساخت,تلفن همراه (در ۱۰۰ نفر),IT.CEL.SETS.P2,WB_WDI_IT_CEL_SETS_P2,10P2PS,2023,76.539761,2022.0,-2.565292999999997,-3.2428939369664005
زیرساخت,تلفن همراه (در ۱۰۰ نفر),IT.CEL.SETS.P2,WB_WDI_IT_CEL_SETS_P2,10P2PS,2024,76.854456,2023.0,0.3146950000000004,0.41115231598384583
زیرساخت,تلفن همراه (در ۱۰۰ نفر),IT.CEL.SETS.P2,WB_WDI_IT_CEL_SETS_P2,10P2PS,2025,,,,
زیرساخت,تلفن همراه (در ۱۰۰ نفر),IT.CEL.SETS.P2,WB_WDI_IT_CEL_SETS_P2,10P2PS,2026,,,,
زیرساخت,جاده‌های آسفالت (%),IS.ROD.PAVE.ZS,WB_WDI_IS_ROD_PAVE_ZS,,2010,,,,
زیرساخت,جاده‌های آسفالت (%),IS.ROD.PAVE.ZS,WB_WDI_IS_ROD_PAVE_ZS,,2011,,,,
زیرساخت,جاده‌های آسفالت (%),IS.ROD.PAVE.ZS,WB_WDI_IS_ROD_PAVE_ZS,,2012,,,,
زیرساخت,جاده‌های آسفالت (%),IS.ROD.PAVE.ZS,WB_WDI_IS_ROD_PAVE_ZS,,2013,,,,
زیرساخت,جاده‌های آسفالت (%),IS.ROD.PAVE.ZS,WB_WDI_IS_ROD_PAVE_ZS,,2014,,,,
زیرساخت,جاده‌های آسفالت (%),IS.ROD.PAVE.ZS,WB_WDI_IS_ROD_PAVE_ZS,,2015,,,,
زیرساخت,جاده‌های آسفالت (%),IS.ROD.PAVE.ZS,WB_WDI_IS_ROD_PAVE_ZS,,2016,,,,
زیرساخت,جاده‌های آسفالت (%),IS.ROD.PAVE.ZS,WB_WDI_IS_ROD_PAVE_ZS,,2017,,,,
زیرساخت,جاده‌های آسفالت (%),IS.ROD.PAVE.ZS,WB_WDI_IS_ROD_PAVE_ZS,,2018,,,,
زیرساخت,جاده‌های آسفالت (%),IS.ROD.PAVE.ZS,WB_WDI_IS_ROD_PAVE_ZS,,2019,,,,
زیرساخت,جاده‌های آسفالت (%),IS.ROD.PAVE.ZS,WB_WDI_IS_ROD_PAVE_ZS,,2020,,,,
زیرساخت,جاده‌های آسفالت (%),IS.ROD.PAVE.ZS,WB_WDI_IS_ROD_PAVE_ZS,,2021,,,,
زیرساخت,جاده‌های آسفالت (%),IS.ROD.PAVE.ZS,WB_WDI_IS_ROD_PAVE_ZS,,2022,,,,
زیرساخت,جاده‌های آسفالت (%),IS.ROD.PAVE.ZS,WB_WDI_IS_ROD_PAVE_ZS,,2023,,,,
زیرساخت,جاده‌های آسفالت (%),IS.ROD.PAVE.ZS,WB_WDI_IS_ROD_PAVE_ZS,,2024,,,,
زیرساخت,جاده‌های آسفالت (%),IS.ROD.PAVE.ZS,WB_WDI_IS_ROD_PAVE_ZS,,2025,,,,
زیرساخت,جاده‌های آسفالت (%),IS.ROD.PAVE.ZS,WB_WDI_IS_ROD_PAVE_ZS,,2026,,,,
بازار کار,نرخ بیکاری (%),SL.UEM.TOTL.ZS,WB_WDI_SL_UEM_TOTL_ZS,PT_LF,2010,0.653,,,
بازار کار,نرخ بیکاری (%),SL.UEM.TOTL.ZS,WB_WDI_SL_UEM_TOTL_ZS,PT_LF,2011,0.796,2010.0,0.14300000000000002,21.898928024502297
بازار کار,نرخ بیکاری (%),SL.UEM.TOTL.ZS,WB_WDI_SL_UEM_TOTL_ZS,PT_LF,2012,3.667,2011.0,2.8709999999999996,360.67839195979894
بازار کار,نرخ بیکاری (%),SL.UEM.TOTL.ZS,WB_WDI_SL_UEM_TOTL_ZS,PT_LF,2013,2.954,2012.0,-0.7129999999999996,-19.44368693755112
بازار کار,نرخ بیکاری (%),SL.UEM.TOTL.ZS,WB_WDI_SL_UEM_TOTL_ZS,PT_LF,2014,1.827,2013.0,-1.1270000000000002,-38.15165876777252
بازار کار,نرخ بیکاری (%),SL.UEM.TOTL.ZS,WB_WDI_SL_UEM_TOTL_ZS,PT_LF,2015,3.566,2014.0,1.7389999999999999,95.18336070060207
بازار کار,نرخ بیکاری (%),SL.UEM.TOTL.ZS,WB_WDI_SL_UEM_TOTL_ZS,PT_LF,2016,2.285,2015.0,-1.2809999999999997,-35.92260235558047
بازار کار,نرخ بیکاری (%),SL.UEM.TOTL.ZS,WB_WDI_SL_UEM_TOTL_ZS,PT_LF,2017,3.204,2016.0,0.919,40.21881838074398
بازار کار,نرخ بیکاری (%),SL.UEM.TOTL.ZS,WB_WDI_SL_UEM_TOTL_ZS,PT_LF,2018,4.083,2017.0,0.879,27.43445692883895
بازار کار,نرخ بیکاری (%),SL.UEM.TOTL.ZS,WB_WDI_SL_UEM_TOTL_ZS,PT_LF,2019,4.83,2018.0,0.7469999999999999,18.295371050698012
بازار کار,نرخ بیکاری (%),SL.UEM.TOTL.ZS,WB_WDI_SL_UEM_TOTL_ZS,PT_LF,2020,5.994,2019.0,1.1639999999999997,24.099378881987572
بازار کار,نرخ بیکاری (%),SL.UEM.TOTL.ZS,WB_WDI_SL_UEM_TOTL_ZS,PT_LF,2021,6.338,2020.0,0.3440000000000003,5.739072405739078
بازار کار,نرخ بیکاری (%),SL.UEM.TOTL.ZS,WB_WDI_SL_UEM_TOTL_ZS,PT_LF,2022,5.291,2021.0,-1.0469999999999997,-16.519406752918897
بازار کار,نرخ بیکاری (%),SL.UEM.TOTL.ZS,WB_WDI_SL_UEM_TOTL_ZS,PT_LF,2023,5.237,2022.0,-0.05400000000000027,-1.0206010206010256
بازار کار,نرخ بیکاری (%),SL.UEM.TOTL.ZS,WB_WDI_SL_UEM_TOTL_ZS,PT_LF,2024,5.492,2023.0,0.2549999999999999,4.869199923620391
بازار کار,نرخ بیکاری (%),SL.UEM.TOTL.ZS,WB_WDI_SL_UEM_TOTL_ZS,PT_LF,2025,5.42,2024.0,-0.07200000000000006,-1.310997815003643
بازار کار,نرخ بیکاری (%),SL.UEM.TOTL.ZS,WB_WDI_SL_UEM_TOTL_ZS,PT_LF,2026,,,,
بازار کار,مشارکت نیروی کار (%),SL.TLF.CACT.ZS,WB_WDI_SL_TLF_CACT_ZS,PT,2010,50.997,,,
بازار کار,مشارکت نیروی کار (%),SL.TLF.CACT.ZS,WB_WDI_SL_TLF_CACT_ZS,PT,2011,50.775,2010.0,-0.2220000000000013,-0.43531972468969016
بازار کار,مشارکت نیروی کار (%),SL.TLF.CACT.ZS,WB_WDI_SL_TLF_CACT_ZS,PT,2012,51.113,2011.0,0.33800000000000097,0.6656819300837045
بازار کار,مشارکت نیروی کار (%),SL.TLF.CACT.ZS,WB_WDI_SL_TLF_CACT_ZS,PT,2013,51.451,2012.0,0.33800000000000097,0.6612799092207481
بازار کار,مشارکت نیروی کار (%),SL.TLF.CACT.ZS,WB_WDI_SL_TLF_CACT_ZS,PT,2014,50.997,2013.0,-0.4540000000000006,-0.8823929564051246
بازار کار,مشارکت نیروی کار (%),SL.TLF.CACT.ZS,WB_WDI_SL_TLF_CACT_ZS,PT,2015,52.026,2014.0,1.0290000000000035,2.017765750926532
بازار کار,مشارکت نیروی کار (%),SL.TLF.CACT.ZS,WB_WDI_SL_TLF_CACT_ZS,PT,2016,51.682,2015.0,-0.3440000000000012,-0.6612078576096589
بازار کار,مشارکت نیروی کار (%),SL.TLF.CACT.ZS,WB_WDI_SL_TLF_CACT_ZS,PT,2017,51.338,2016.0,-0.3440000000000012,-0.665608916063622
بازار کار,مشارکت نیروی کار (%),SL.TLF.CACT.ZS,WB_WDI_SL_TLF_CACT_ZS,PT,2018,50.994,2017.0,-0.3440000000000012,-0.6700689547703479
بازار کار,مشارکت نیروی کار (%),SL.TLF.CACT.ZS,WB_WDI_SL_TLF_CACT_ZS,PT,2019,51.597,2018.0,0.6030000000000015,1.1824920578891664
بازار کار,مشارکت نیروی کار (%),SL.TLF.CACT.ZS,WB_WDI_SL_TLF_CACT_ZS,PT,2020,51.587,2019.0,-0.00999999999999801,-0.019380971761920288
بازار کار,مشارکت نیروی کار (%),SL.TLF.CACT.ZS,WB_WDI_SL_TLF_CACT_ZS,PT,2021,52.73,2020.0,1.1429999999999936,2.2156744916354767
بازار کار,مشارکت نیروی کار (%),SL.TLF.CACT.ZS,WB_WDI_SL_TLF_CACT_ZS,PT,2022,52.406,2021.0,-0.32399999999999807,-0.6144509766736167
بازار کار,مشارکت نیروی کار (%),SL.TLF.CACT.ZS,WB_WDI_SL_TLF_CACT_ZS,PT,2023,52.372,2022.0,-0.03399999999999892,-0.06487806739686089
بازار کار,مشارکت نیروی کار (%),SL.TLF.CACT.ZS,WB_WDI_SL_TLF_CACT_ZS,PT,2024,52.308,2023.0,-0.06400000000000006,-0.12220270373482023
بازار کار,مشارکت نیروی کار (%),SL.TLF.CACT.ZS,WB_WDI_SL_TLF_CACT_ZS,PT,2025,52.335,2024.0,0.027000000000001023,0.05161734342739356
بازار کار,مشارکت نیروی کار (%),SL.TLF.CACT.ZS,WB_WDI_SL_TLF_CACT_ZS,PT,2026,,,,
بازار کار,مشارکت زنان در بازار کار (%),SL.TLF.CACT.FE.ZS,WB_WDI_SL_TLF_CACT_FE_ZS,PT_W,2010,22.036,,,
بازار کار,مشارکت زنان در بازار کار (%),SL.TLF.CACT.FE.ZS,WB_WDI_SL_TLF_CACT_FE_ZS,PT_W,2011,22.228,2010.0,0.19200000000000017,0.8713015066255226
بازار کار,مشارکت زنان در بازار کار (%),SL.TLF.CACT.FE.ZS,WB_WDI_SL_TLF_CACT_FE_ZS,PT_W,2012,22.508,2011.0,0.2799999999999976,1.259672485153849
بازار کار,مشارکت زنان در بازار کار (%),SL.TLF.CACT.FE.ZS,WB_WDI_SL_TLF_CACT_FE_ZS,PT_W,2013,22.79,2012.0,0.28200000000000003,1.252887862093478
بازار کار,مشارکت زنان در بازار کار (%),SL.TLF.CACT.FE.ZS,WB_WDI_SL_TLF_CACT_FE_ZS,PT_W,2014,22.987,2013.0,0.19699999999999918,0.864414216761734
بازار کار,مشارکت زنان در بازار کار (%),SL.TLF.CACT.FE.ZS,WB_WDI_SL_TLF_CACT_FE_ZS,PT_W,2015,23.983,2014.0,0.9960000000000022,4.332883803889165
بازار کار,مشارکت زنان در بازار کار (%),SL.TLF.CACT.FE.ZS,WB_WDI_SL_TLF_CACT_FE_ZS,PT_W,2016,23.162,2015.0,-0.8210000000000015,-3.4232581411833447
بازار کار,مشارکت زنان در بازار کار (%),SL.TLF.CACT.FE.ZS,WB_WDI_SL_TLF_CACT_FE_ZS,PT_W,2017,22.358,2016.0,-0.8039999999999985,-3.47120283222519
بازار کار,مشارکت زنان در بازار کار (%),SL.TLF.CACT.FE.ZS,WB_WDI_SL_TLF_CACT_FE_ZS,PT_W,2018,21.571,2017.0,-0.786999999999999,-3.519992843724837
بازار کار,مشارکت زنان در بازار کار (%),SL.TLF.CACT.FE.ZS,WB_WDI_SL_TLF_CACT_FE_ZS,PT_W,2019,23.241,2018.0,1.6699999999999982,7.741875666403959
بازار کار,مشارکت زنان در بازار کار (%),SL.TLF.CACT.FE.ZS,WB_WDI_SL_TLF_CACT_FE_ZS,PT_W,2020,23.406,2019.0,0.16499999999999915,0.7099522395766066
بازار کار,مشارکت زنان در بازار کار (%),SL.TLF.CACT.FE.ZS,WB_WDI_SL_TLF_CACT_FE_ZS,PT_W,2021,24.365,2020.0,0.9589999999999996,4.097240023925488
بازار کار,مشارکت زنان در بازار کار (%),SL.TLF.CACT.FE.ZS,WB_WDI_SL_TLF_CACT_FE_ZS,PT_W,2022,24.027,2021.0,-0.3379999999999974,-1.3872357890416476
بازار کار,مشارکت زنان در بازار کار (%),SL.TLF.CACT.FE.ZS,WB_WDI_SL_TLF_CACT_FE_ZS,PT_W,2023,23.997,2022.0,-0.030000000000001137,-0.12485953302535122
بازار کار,مشارکت زنان در بازار کار (%),SL.TLF.CACT.FE.ZS,WB_WDI_SL_TLF_CACT_FE_ZS,PT_W,2024,23.989,2023.0,-0.007999999999999119,-0.03333750052089478
بازار کار,مشارکت زنان در بازار کار (%),SL.TLF.CACT.FE.ZS,WB_WDI_SL_TLF_CACT_FE_ZS,PT_W,2025,24.046,2024.0,0.05699999999999861,0.2376089040810313
بازار کار,مشارکت زنان در بازار کار (%),SL.TLF.CACT.FE.ZS,WB_WDI_SL_TLF_CACT_FE_ZS,PT_W,2026,,,,
بازار کار,اشتغال کشاورزی (%),SL.AGR.EMPL.ZS,WB_WDI_SL_AGR_EMPL_ZS,PT,2010,42.672415,,,
بازار کار,اشتغال کشاورزی (%),SL.AGR.EMPL.ZS,WB_WDI_SL_AGR_EMPL_ZS,PT,2011,42.818593,2010.0,0.14617799999999903,0.3425585357660189
بازار کار,اشتغال کشاورزی (%),SL.AGR.EMPL.ZS,WB_WDI_SL_AGR_EMPL_ZS,PT,2012,42.58678,2011.0,-0.2318130000000025,-0.5413839730791773
بازار کار,اشتغال کشاورزی (%),SL.AGR.EMPL.ZS,WB_WDI_SL_AGR_EMPL_ZS,PT,2013,42.236564,2012.0,-0.3502159999999961,-0.8223584877748356
بازار کار,اشتغال کشاورزی (%),SL.AGR.EMPL.ZS,WB_WDI_SL_AGR_EMPL_ZS,PT,2014,42.2332,2013.0,-0.0033640000000048076,-0.007964663034627551
بازار کار,اشتغال کشاورزی (%),SL.AGR.EMPL.ZS,WB_WDI_SL_AGR_EMPL_ZS,PT,2015,41.010016,2014.0,-1.2231839999999963,-2.8962617087978093
بازار کار,اشتغال کشاورزی (%),SL.AGR.EMPL.ZS,WB_WDI_SL_AGR_EMPL_ZS,PT,2016,42.268083,2015.0,1.258066999999997,3.0677066792658576
بازار کار,اشتغال کشاورزی (%),SL.AGR.EMPL.ZS,WB_WDI_SL_AGR_EMPL_ZS,PT,2017,39.874724,2016.0,-2.3933589999999967,-5.662331551681672
بازار کار,اشتغال کشاورزی (%),SL.AGR.EMPL.ZS,WB_WDI_SL_AGR_EMPL_ZS,PT,2018,37.416427,2017.0,-2.4582970000000017,-6.165050822671529
بازار کار,اشتغال کشاورزی (%),SL.AGR.EMPL.ZS,WB_WDI_SL_AGR_EMPL_ZS,PT,2019,38.308901,2018.0,0.892474,2.3852464587278734
بازار کار,اشتغال کشاورزی (%),SL.AGR.EMPL.ZS,WB_WDI_SL_AGR_EMPL_ZS,PT,2020,38.311482,2019.0,0.0025809999999992783,0.006737337622917656
بازار کار,اشتغال کشاورزی (%),SL.AGR.EMPL.ZS,WB_WDI_SL_AGR_EMPL_ZS,PT,2021,37.098033,2020.0,-1.2134489999999971,-3.1673246156334987
بازار کار,اشتغال کشاورزی (%),SL.AGR.EMPL.ZS,WB_WDI_SL_AGR_EMPL_ZS,PT,2022,36.731414,2021.0,-0.36661900000000003,-0.9882437702290038
بازار کار,اشتغال کشاورزی (%),SL.AGR.EMPL.ZS,WB_WDI_SL_AGR_EMPL_ZS,PT,2023,36.77404,2022.0,0.0426259999999985,0.11604780583725555
بازار کار,اشتغال کشاورزی (%),SL.AGR.EMPL.ZS,WB_WDI_SL_AGR_EMPL_ZS,PT,2024,36.544142,2023.0,-0.2298979999999986,-0.6251638384033916
بازار کار,اشتغال کشاورزی (%),SL.AGR.EMPL.ZS,WB_WDI_SL_AGR_EMPL_ZS,PT,2025,36.229549,2024.0,-0.3145930000000021,-0.8608575349778417
بازار کار,اشتغال کشاورزی (%),SL.AGR.EMPL.ZS,WB_WDI_SL_AGR_EMPL_ZS,PT,2026,,,,
بازار کار,اشتغال صنعتی (%),SL.IND.EMPL.ZS,WB_WDI_SL_IND_EMPL_ZS,PT,2010,22.57494,,,
بازار کار,اشتغال صنعتی (%),SL.IND.EMPL.ZS,WB_WDI_SL_IND_EMPL_ZS,PT,2011,22.844588,2010.0,0.2696480000000001,1.1944572167190703
بازار کار,اشتغال صنعتی (%),SL.IND.EMPL.ZS,WB_WDI_SL_IND_EMPL_ZS,PT,2012,22.806242,2011.0,-0.03834600000000066,-0.1678559490764318
بازار کار,اشتغال صنعتی (%),SL.IND.EMPL.ZS,WB_WDI_SL_IND_EMPL_ZS,PT,2013,22.921871,2012.0,0.11562899999999843,0.5070059328494297
بازار کار,اشتغال صنعتی (%),SL.IND.EMPL.ZS,WB_WDI_SL_IND_EMPL_ZS,PT,2014,22.873192,2013.0,-0.04867899999999992,-0.2123692258803826
بازار کار,اشتغال صنعتی (%),SL.IND.EMPL.ZS,WB_WDI_SL_IND_EMPL_ZS,PT,2015,24.019647,2014.0,1.1464549999999996,5.012221293818543
بازار کار,اشتغال صنعتی (%),SL.IND.EMPL.ZS,WB_WDI_SL_IND_EMPL_ZS,PT,2016,23.593148,2015.0,-0.42649899999999974,-1.7756255951638247
بازار کار,اشتغال صنعتی (%),SL.IND.EMPL.ZS,WB_WDI_SL_IND_EMPL_ZS,PT,2017,24.273294,2016.0,0.6801460000000006,2.8828115688504163
بازار کار,اشتغال صنعتی (%),SL.IND.EMPL.ZS,WB_WDI_SL_IND_EMPL_ZS,PT,2018,24.98879,2017.0,0.7154960000000017,2.9476675065197235
بازار کار,اشتغال صنعتی (%),SL.IND.EMPL.ZS,WB_WDI_SL_IND_EMPL_ZS,PT,2019,24.331498,2018.0,-0.6572920000000018,-2.6303474477955984
بازار کار,اشتغال صنعتی (%),SL.IND.EMPL.ZS,WB_WDI_SL_IND_EMPL_ZS,PT,2020,24.765398,2019.0,0.4339000000000013,1.7832851886061485
بازار کار,اشتغال صنعتی (%),SL.IND.EMPL.ZS,WB_WDI_SL_IND_EMPL_ZS,PT,2021,25.428055,2020.0,0.6626569999999994,2.675737333193674
بازار کار,اشتغال صنعتی (%),SL.IND.EMPL.ZS,WB_WDI_SL_IND_EMPL_ZS,PT,2022,25.414339,2021.0,-0.013716000000002282,-0.053940421318116084
بازار کار,اشتغال صنعتی (%),SL.IND.EMPL.ZS,WB_WDI_SL_IND_EMPL_ZS,PT,2023,25.15218,2022.0,-0.2621589999999969,-1.0315397146469043
بازار کار,اشتغال صنعتی (%),SL.IND.EMPL.ZS,WB_WDI_SL_IND_EMPL_ZS,PT,2024,25.183511,2023.0,0.031330999999998,0.12456574340672658
بازار کار,اشتغال صنعتی (%),SL.IND.EMPL.ZS,WB_WDI_SL_IND_EMPL_ZS,PT,2025,25.255486,2024.0,0.0719750000000019,0.28580208692903025
بازار کار,اشتغال صنعتی (%),SL.IND.EMPL.ZS,WB_WDI_SL_IND_EMPL_ZS,PT,2026,,,,
تجارت و مالیه,صادرات (% GDP),NE.EXP.GNFS.ZS,WB_WDI_NE_EXP_GNFS_ZS,PT_GDP,2010,12.637225,,,
تجارت و مالیه,صادرات (% GDP),NE.EXP.GNFS.ZS,WB_WDI_NE_EXP_GNFS_ZS,PT_GDP,2011,13.482555,2010.0,0.8453299999999988,6.689205897655527
تجارت و مالیه,صادرات (% GDP),NE.EXP.GNFS.ZS,WB_WDI_NE_EXP_GNFS_ZS,PT_GDP,2012,11.873964,2011.0,-1.6085909999999988,-11.93090627110365
تجارت و مالیه,صادرات (% GDP),NE.EXP.GNFS.ZS,WB_WDI_NE_EXP_GNFS_ZS,PT_GDP,2013,12.177499,2012.0,0.30353499999999833,2.556307228150585
تجارت و مالیه,صادرات (% GDP),NE.EXP.GNFS.ZS,WB_WDI_NE_EXP_GNFS_ZS,PT_GDP,2014,11.194972,2013.0,-0.9825269999999993,-8.06838087196722
تجارت و مالیه,صادرات (% GDP),NE.EXP.GNFS.ZS,WB_WDI_NE_EXP_GNFS_ZS,PT_GDP,2015,9.974571,2014.0,-1.2204010000000007,-10.901331419140671
تجارت و مالیه,صادرات (% GDP),NE.EXP.GNFS.ZS,WB_WDI_NE_EXP_GNFS_ZS,PT_GDP,2016,8.736716,2015.0,-1.2378549999999997,-12.410107662775669
تجارت و مالیه,صادرات (% GDP),NE.EXP.GNFS.ZS,WB_WDI_NE_EXP_GNFS_ZS,PT_GDP,2017,8.221611,2016.0,-0.5151050000000001,-5.895865219837754
تجارت و مالیه,صادرات (% GDP),NE.EXP.GNFS.ZS,WB_WDI_NE_EXP_GNFS_ZS,PT_GDP,2018,8.5818,2017.0,0.3601890000000001,4.3810027012954045
تجارت و مالیه,صادرات (% GDP),NE.EXP.GNFS.ZS,WB_WDI_NE_EXP_GNFS_ZS,PT_GDP,2019,9.390864,2018.0,0.8090640000000011,9.427672516255345
تجارت و مالیه,صادرات (% GDP),NE.EXP.GNFS.ZS,WB_WDI_NE_EXP_GNFS_ZS,PT_GDP,2020,9.298559,2019.0,-0.09230500000000141,-0.9829234030010594
تجارت و مالیه,صادرات (% GDP),NE.EXP.GNFS.ZS,WB_WDI_NE_EXP_GNFS_ZS,PT_GDP,2021,9.0516,2020.0,-0.2469589999999986,-2.655884637608888
تجارت و مالیه,صادرات (% GDP),NE.EXP.GNFS.ZS,WB_WDI_NE_EXP_GNFS_ZS,PT_GDP,2022,10.54059,2021.0,1.4889899999999994,16.450019885987
تجارت و مالیه,صادرات (% GDP),NE.EXP.GNFS.ZS,WB_WDI_NE_EXP_GNFS_ZS,PT_GDP,2023,10.493959,2022.0,-0.046630999999999645,-0.4423945908151218
تجارت و مالیه,صادرات (% GDP),NE.EXP.GNFS.ZS,WB_WDI_NE_EXP_GNFS_ZS,PT_GDP,2024,10.390453,2023.0,-0.10350599999999943,-0.9863389022198336
تجارت و مالیه,صادرات (% GDP),NE.EXP.GNFS.ZS,WB_WDI_NE_EXP_GNFS_ZS,PT_GDP,2025,,,,
تجارت و مالیه,صادرات (% GDP),NE.EXP.GNFS.ZS,WB_WDI_NE_EXP_GNFS_ZS,PT_GDP,2026,,,,
تجارت و مالیه,واردات (% GDP),NE.IMP.GNFS.ZS,WB_WDI_NE_IMP_GNFS_ZS,PT_GDP,2010,19.351777,,,
تجارت و مالیه,واردات (% GDP),NE.IMP.GNFS.ZS,WB_WDI_NE_IMP_GNFS_ZS,PT_GDP,2011,18.880083,2010.0,-0.4716939999999994,-2.437471246180645
تجارت و مالیه,واردات (% GDP),NE.IMP.GNFS.ZS,WB_WDI_NE_IMP_GNFS_ZS,PT_GDP,2012,19.445009,2011.0,0.5649259999999998,2.9921796424305964
تجارت و مالیه,واردات (% GDP),NE.IMP.GNFS.ZS,WB_WDI_NE_IMP_GNFS_ZS,PT_GDP,2013,18.712775,2012.0,-0.7322339999999983,-3.7656655237341283
تجارت و مالیه,واردات (% GDP),NE.IMP.GNFS.ZS,WB_WDI_NE_IMP_GNFS_ZS,PT_GDP,2014,18.274854,2013.0,-0.43792099999999934,-2.340224792955611
تجارت و مالیه,واردات (% GDP),NE.IMP.GNFS.ZS,WB_WDI_NE_IMP_GNFS_ZS,PT_GDP,2015,16.713615,2014.0,-1.5612390000000005,-8.543099715051076
تجارت و مالیه,واردات (% GDP),NE.IMP.GNFS.ZS,WB_WDI_NE_IMP_GNFS_ZS,PT_GDP,2016,15.964862,2015.0,-0.7487530000000007,-4.479898573707727
تجارت و مالیه,واردات (% GDP),NE.IMP.GNFS.ZS,WB_WDI_NE_IMP_GNFS_ZS,PT_GDP,2017,17.250424,2016.0,1.2855619999999988,8.05244667946393
تجارت و مالیه,واردات (% GDP),NE.IMP.GNFS.ZS,WB_WDI_NE_IMP_GNFS_ZS,PT_GDP,2018,19.044257,2017.0,1.793833000000003,10.398776285151037
تجارت و مالیه,واردات (% GDP),NE.IMP.GNFS.ZS,WB_WDI_NE_IMP_GNFS_ZS,PT_GDP,2019,19.514713,2018.0,0.47045599999999865,2.4703300317780768
تجارت و مالیه,واردات (% GDP),NE.IMP.GNFS.ZS,WB_WDI_NE_IMP_GNFS_ZS,PT_GDP,2020,17.417721,2019.0,-2.096992,-10.745697361780316
تجارت و مالیه,واردات (% GDP),NE.IMP.GNFS.ZS,WB_WDI_NE_IMP_GNFS_ZS,PT_GDP,2021,17.978821,2020.0,0.5610999999999997,3.2214317820339393
تجارت و مالیه,واردات (% GDP),NE.IMP.GNFS.ZS,WB_WDI_NE_IMP_GNFS_ZS,PT_GDP,2022,22.490763,2021.0,4.511942000000001,25.095872526902635
تجارت و مالیه,واردات (% GDP),NE.IMP.GNFS.ZS,WB_WDI_NE_IMP_GNFS_ZS,PT_GDP,2023,17.973734,2022.0,-4.517029000000001,-20.083929566996016
تجارت و مالیه,واردات (% GDP),NE.IMP.GNFS.ZS,WB_WDI_NE_IMP_GNFS_ZS,PT_GDP,2024,17.188016,2023.0,-0.7857179999999993,-4.371478959241298
تجارت و مالیه,واردات (% GDP),NE.IMP.GNFS.ZS,WB_WDI_NE_IMP_GNFS_ZS,PT_GDP,2025,,,,
تجارت و مالیه,واردات (% GDP),NE.IMP.GNFS.ZS,WB_WDI_NE_IMP_GNFS_ZS,PT_GDP,2026,,,,
تجارت و مالیه,سرمایه‌گذاری خارجی FDI (% GDP),BX.KLT.DINV.WD.GD.ZS,WB_WDI_BX_KLT_DINV_WD_GD_ZS,PT_GDP,2010,1.027911,,,
تجارت و مالیه,سرمایه‌گذاری خارجی FDI (% GDP),BX.KLT.DINV.WD.GD.ZS,WB_WDI_BX_KLT_DINV_WD_GD_ZS,PT_GDP,2011,0.575055,2010.0,-0.45285600000000004,-44.055954260631516
تجارت و مالیه,سرمایه‌گذاری خارجی FDI (% GDP),BX.KLT.DINV.WD.GD.ZS,WB_WDI_BX_KLT_DINV_WD_GD_ZS,PT_GDP,2012,0.343453,2011.0,-0.23160199999999997,-40.274756327655616
تجارت و مالیه,سرمایه‌گذاری خارجی FDI (% GDP),BX.KLT.DINV.WD.GD.ZS,WB_WDI_BX_KLT_DINV_WD_GD_ZS,PT_GDP,2013,0.515354,2012.0,0.17190099999999997,50.05080753407306
تجارت و مالیه,سرمایه‌گذاری خارجی FDI (% GDP),BX.KLT.DINV.WD.GD.ZS,WB_WDI_BX_KLT_DINV_WD_GD_ZS,PT_GDP,2014,0.695308,2013.0,0.17995400000000006,34.91852202563676
تجارت و مالیه,سرمایه‌گذاری خارجی FDI (% GDP),BX.KLT.DINV.WD.GD.ZS,WB_WDI_BX_KLT_DINV_WD_GD_ZS,PT_GDP,2015,0.557734,2014.0,-0.13757400000000009,-19.78605164905338
تجارت و مالیه,سرمایه‌گذاری خارجی FDI (% GDP),BX.KLT.DINV.WD.GD.ZS,WB_WDI_BX_KLT_DINV_WD_GD_ZS,PT_GDP,2016,0.82135,2015.0,0.2636160000000001,47.265542355316356
تجارت و مالیه,سرمایه‌گذاری خارجی FDI (% GDP),BX.KLT.DINV.WD.GD.ZS,WB_WDI_BX_KLT_DINV_WD_GD_ZS,PT_GDP,2017,0.735837,2016.0,-0.08551300000000006,-10.411274121872534
تجارت و مالیه,سرمایه‌گذاری خارجی FDI (% GDP),BX.KLT.DINV.WD.GD.ZS,WB_WDI_BX_KLT_DINV_WD_GD_ZS,PT_GDP,2018,0.487746,2017.0,-0.24809099999999995,-33.715483184455245
تجارت و مالیه,سرمایه‌گذاری خارجی FDI (% GDP),BX.KLT.DINV.WD.GD.ZS,WB_WDI_BX_KLT_DINV_WD_GD_ZS,PT_GDP,2019,0.696146,2018.0,0.20840000000000003,42.72715716787017
تجارت و مالیه,سرمایه‌گذاری خارجی FDI (% GDP),BX.KLT.DINV.WD.GD.ZS,WB_WDI_BX_KLT_DINV_WD_GD_ZS,PT_GDP,2020,0.684695,2019.0,-0.011450999999999989,-1.6449135669816373
تجارت و مالیه,سرمایه‌گذاری خارجی FDI (% GDP),BX.KLT.DINV.WD.GD.ZS,WB_WDI_BX_KLT_DINV_WD_GD_ZS,PT_GDP,2021,0.616039,2020.0,-0.06865600000000005,-10.027238405421398
تجارت و مالیه,سرمایه‌گذاری خارجی FDI (% GDP),BX.KLT.DINV.WD.GD.ZS,WB_WDI_BX_KLT_DINV_WD_GD_ZS,PT_GDP,2022,0.389981,2021.0,-0.22605799999999998,-36.69540402474518
تجارت و مالیه,سرمایه‌گذاری خارجی FDI (% GDP),BX.KLT.DINV.WD.GD.ZS,WB_WDI_BX_KLT_DINV_WD_GD_ZS,PT_GDP,2023,0.608281,2022.0,0.21829999999999994,55.97708606316716
تجارت و مالیه,سرمایه‌گذاری خارجی FDI (% GDP),BX.KLT.DINV.WD.GD.ZS,WB_WDI_BX_KLT_DINV_WD_GD_ZS,PT_GDP,2024,0.716689,2023.0,0.10840800000000006,17.822026333224294
تجارت و مالیه,سرمایه‌گذاری خارجی FDI (% GDP),BX.KLT.DINV.WD.GD.ZS,WB_WDI_BX_KLT_DINV_WD_GD_ZS,PT_GDP,2025,,,,
تجارت و مالیه,سرمایه‌گذاری خارجی FDI (% GDP),BX.KLT.DINV.WD.GD.ZS,WB_WDI_BX_KLT_DINV_WD_GD_ZS,PT_GDP,2026,,,,
تجارت و مالیه,حساب جاری (% GDP),BN.CAB.XOKA.GD.ZS,WB_WDI_BN_CAB_XOKA_GD_ZS,PT_GDP,2010,-0.688324,,,
تجارت و مالیه,حساب جاری (% GDP),BN.CAB.XOKA.GD.ZS,WB_WDI_BN_CAB_XOKA_GD_ZS,PT_GDP,2011,-0.957124,2010.0,-0.26879999999999993,-39.05137696782328
تجارت و مالیه,حساب جاری (% GDP),BN.CAB.XOKA.GD.ZS,WB_WDI_BN_CAB_XOKA_GD_ZS,PT_GDP,2012,-0.936399,2011.0,0.020724999999999993,2.165341167915546
تجارت و مالیه,حساب جاری (% GDP),BN.CAB.XOKA.GD.ZS,WB_WDI_BN_CAB_XOKA_GD_ZS,PT_GDP,2013,-1.707279,2012.0,-0.77088,-82.3238811660414
تجارت و مالیه,حساب جاری (% GDP),BN.CAB.XOKA.GD.ZS,WB_WDI_BN_CAB_XOKA_GD_ZS,PT_GDP,2014,-1.347873,2013.0,0.3594059999999999,21.051392303191214
تجارت و مالیه,حساب جاری (% GDP),BN.CAB.XOKA.GD.ZS,WB_WDI_BN_CAB_XOKA_GD_ZS,PT_GDP,2015,-0.934447,2014.0,0.41342600000000007,30.67247433549007
تجارت و مالیه,حساب جاری (% GDP),BN.CAB.XOKA.GD.ZS,WB_WDI_BN_CAB_XOKA_GD_ZS,PT_GDP,2016,-2.292797,2015.0,-1.3583500000000002,-145.36404953946024
تجارت و مالیه,حساب جاری (% GDP),BN.CAB.XOKA.GD.ZS,WB_WDI_BN_CAB_XOKA_GD_ZS,PT_GDP,2017,-4.769858,2016.0,-2.477061,-108.03664694257711
تجارت و مالیه,حساب جاری (% GDP),BN.CAB.XOKA.GD.ZS,WB_WDI_BN_CAB_XOKA_GD_ZS,PT_GDP,2018,-5.295562,2017.0,-0.5257040000000002,-11.021376317701705
تجارت و مالیه,حساب جاری (% GDP),BN.CAB.XOKA.GD.ZS,WB_WDI_BN_CAB_XOKA_GD_ZS,PT_GDP,2019,-2.666773,2018.0,2.6287890000000003,49.64136006716568
تجارت و مالیه,حساب جاری (% GDP),BN.CAB.XOKA.GD.ZS,WB_WDI_BN_CAB_XOKA_GD_ZS,PT_GDP,2020,-0.216651,2019.0,2.450122,91.875911448031
تجارت و مالیه,حساب جاری (% GDP),BN.CAB.XOKA.GD.ZS,WB_WDI_BN_CAB_XOKA_GD_ZS,PT_GDP,2021,-3.524396,2020.0,-3.3077449999999997,-1526.761935093768
تجارت و مالیه,حساب جاری (% GDP),BN.CAB.XOKA.GD.ZS,WB_WDI_BN_CAB_XOKA_GD_ZS,PT_GDP,2022,-3.258582,2021.0,0.2658139999999998,7.54211501772218
تجارت و مالیه,حساب جاری (% GDP),BN.CAB.XOKA.GD.ZS,WB_WDI_BN_CAB_XOKA_GD_ZS,PT_GDP,2023,-0.30863,2022.0,2.949952,90.52870236194762
تجارت و مالیه,حساب جاری (% GDP),BN.CAB.XOKA.GD.ZS,WB_WDI_BN_CAB_XOKA_GD_ZS,PT_GDP,2024,0.133557,2023.0,0.442187,143.27414703690502
تجارت و مالیه,حساب جاری (% GDP),BN.CAB.XOKA.GD.ZS,WB_WDI_BN_CAB_XOKA_GD_ZS,PT_GDP,2025,,,,
تجارت و مالیه,حساب جاری (% GDP),BN.CAB.XOKA.GD.ZS,WB_WDI_BN_CAB_XOKA_GD_ZS,PT_GDP,2026,,,,
تجارت و مالیه,بدهی دولتی (% GDP),GC.DOD.TOTL.GD.ZS,WB_WDI_GC_DOD_TOTL_GD_ZS,PT_GDP,2010,,,,
تجارت و مالیه,بدهی دولتی (% GDP),GC.DOD.TOTL.GD.ZS,WB_WDI_GC_DOD_TOTL_GD_ZS,PT_GDP,2011,,,,
تجارت و مالیه,بدهی دولتی (% GDP),GC.DOD.TOTL.GD.ZS,WB_WDI_GC_DOD_TOTL_GD_ZS,PT_GDP,2012,,,,
تجارت و مالیه,بدهی دولتی (% GDP),GC.DOD.TOTL.GD.ZS,WB_WDI_GC_DOD_TOTL_GD_ZS,PT_GDP,2013,,,,
تجارت و مالیه,بدهی دولتی (% GDP),GC.DOD.TOTL.GD.ZS,WB_WDI_GC_DOD_TOTL_GD_ZS,PT_GDP,2014,,,,
تجارت و مالیه,بدهی دولتی (% GDP),GC.DOD.TOTL.GD.ZS,WB_WDI_GC_DOD_TOTL_GD_ZS,PT_GDP,2015,,,,
تجارت و مالیه,بدهی دولتی (% GDP),GC.DOD.TOTL.GD.ZS,WB_WDI_GC_DOD_TOTL_GD_ZS,PT_GDP,2016,,,,
تجارت و مالیه,بدهی دولتی (% GDP),GC.DOD.TOTL.GD.ZS,WB_WDI_GC_DOD_TOTL_GD_ZS,PT_GDP,2017,,,,
تجارت و مالیه,بدهی دولتی (% GDP),GC.DOD.TOTL.GD.ZS,WB_WDI_GC_DOD_TOTL_GD_ZS,PT_GDP,2018,,,,
تجارت و مالیه,بدهی دولتی (% GDP),GC.DOD.TOTL.GD.ZS,WB_WDI_GC_DOD_TOTL_GD_ZS,PT_GDP,2019,,,,
تجارت و مالیه,بدهی دولتی (% GDP),GC.DOD.TOTL.GD.ZS,WB_WDI_GC_DOD_TOTL_GD_ZS,PT_GDP,2020,,,,
تجارت و مالیه,بدهی دولتی (% GDP),GC.DOD.TOTL.GD.ZS,WB_WDI_GC_DOD_TOTL_GD_ZS,PT_GDP,2021,,,,
تجارت و مالیه,بدهی دولتی (% GDP),GC.DOD.TOTL.GD.ZS,WB_WDI_GC_DOD_TOTL_GD_ZS,PT_GDP,2022,,,,
تجارت و مالیه,بدهی دولتی (% GDP),GC.DOD.TOTL.GD.ZS,WB_WDI_GC_DOD_TOTL_GD_ZS,PT_GDP,2023,,,,
تجارت و مالیه,بدهی دولتی (% GDP),GC.DOD.TOTL.GD.ZS,WB_WDI_GC_DOD_TOTL_GD_ZS,PT_GDP,2024,,,,
تجارت و مالیه,بدهی دولتی (% GDP),GC.DOD.TOTL.GD.ZS,WB_WDI_GC_DOD_TOTL_GD_ZS,PT_GDP,2025,,,,
تجارت و مالیه,بدهی دولتی (% GDP),GC.DOD.TOTL.GD.ZS,WB_WDI_GC_DOD_TOTL_GD_ZS,PT_GDP,2026,,,,
تجارت و مالیه,تورم (%),FP.CPI.TOTL.ZG,WB_WDI_FP_CPI_TOTL_ZG,PC_A,2010,12.938871,,,
تجارت و مالیه,تورم (%),FP.CPI.TOTL.ZG,WB_WDI_FP_CPI_TOTL_ZG,PC_A,2011,11.916093,2010.0,-1.0227780000000006,-7.904692766470897
تجارت و مالیه,تورم (%),FP.CPI.TOTL.ZG,WB_WDI_FP_CPI_TOTL_ZG,PC_A,2012,9.682352,2011.0,-2.233741,-18.7455821299817
تجارت و مالیه,تورم (%),FP.CPI.TOTL.ZG,WB_WDI_FP_CPI_TOTL_ZG,PC_A,2013,7.692156,2012.0,-1.990196,-20.554881706428358
تجارت و مالیه,تورم (%),FP.CPI.TOTL.ZG,WB_WDI_FP_CPI_TOTL_ZG,PC_A,2014,7.189384,2013.0,-0.5027719999999993,-6.536164893171685
تجارت و مالیه,تورم (%),FP.CPI.TOTL.ZG,WB_WDI_FP_CPI_TOTL_ZG,PC_A,2015,2.529328,2014.0,-4.660056000000001,-64.81857138247172
تجارت و مالیه,تورم (%),FP.CPI.TOTL.ZG,WB_WDI_FP_CPI_TOTL_ZG,PC_A,2016,3.765119,2015.0,1.2357909999999999,48.858471499149175
تجارت و مالیه,تورم (%),FP.CPI.TOTL.ZG,WB_WDI_FP_CPI_TOTL_ZG,PC_A,2017,4.085374,2016.0,0.32025499999999996,8.505840054457774
تجارت و مالیه,تورم (%),FP.CPI.TOTL.ZG,WB_WDI_FP_CPI_TOTL_ZG,PC_A,2018,5.078057,2017.0,0.9926830000000004,24.298460801875187
تجارت و مالیه,تورم (%),FP.CPI.TOTL.ZG,WB_WDI_FP_CPI_TOTL_ZG,PC_A,2019,10.578031,2018.0,5.499973999999999,108.30863064357092
تجارت و مالیه,تورم (%),FP.CPI.TOTL.ZG,WB_WDI_FP_CPI_TOTL_ZG,PC_A,2020,9.740116,2019.0,-0.8379149999999989,-7.9212757081161795
تجارت و مالیه,تورم (%),FP.CPI.TOTL.ZG,WB_WDI_FP_CPI_TOTL_ZG,PC_A,2021,9.496416,2020.0,-0.24370000000000047,-2.502023589862795
تجارت و مالیه,تورم (%),FP.CPI.TOTL.ZG,WB_WDI_FP_CPI_TOTL_ZG,PC_A,2022,19.87386,2021.0,10.377444,109.27747899839267
تجارت و مالیه,تورم (%),FP.CPI.TOTL.ZG,WB_WDI_FP_CPI_TOTL_ZG,PC_A,2023,30.768128,2022.0,10.894268,54.817071268490366
تجارت و مالیه,تورم (%),FP.CPI.TOTL.ZG,WB_WDI_FP_CPI_TOTL_ZG,PC_A,2024,12.632532,2023.0,-18.135596,-58.94279950993443
تجارت و مالیه,تورم (%),FP.CPI.TOTL.ZG,WB_WDI_FP_CPI_TOTL_ZG,PC_A,2025,,,,
تجارت و مالیه,تورم (%),FP.CPI.TOTL.ZG,WB_WDI_FP_CPI_TOTL_ZG,PC_A,2026,,,,
محیط زیست,انتشار CO2 سرانه (تن),EN.ATM.CO2E.PC,WB_WDI_EN_ATM_CO2E_PC,,2010,,,,
محیط زیست,انتشار CO2 سرانه (تن),EN.ATM.CO2E.PC,WB_WDI_EN_ATM_CO2E_PC,,2011,,,,
محیط زیست,انتشار CO2 سرانه (تن),EN.ATM.CO2E.PC,WB_WDI_EN_ATM_CO2E_PC,,2012,,,,
محیط زیست,انتشار CO2 سرانه (تن),EN.ATM.CO2E.PC,WB_WDI_EN_ATM_CO2E_PC,,2013,,,,
محیط زیست,انتشار CO2 سرانه (تن),EN.ATM.CO2E.PC,WB_WDI_EN_ATM_CO2E_PC,,2014,,,,
محیط زیست,انتشار CO2 سرانه (تن),EN.ATM.CO2E.PC,WB_WDI_EN_ATM_CO2E_PC,,2015,,,,
محیط زیست,انتشار CO2 سرانه (تن),EN.ATM.CO2E.PC,WB_WDI_EN_ATM_CO2E_PC,,2016,,,,
محیط زیست,انتشار CO2 سرانه (تن),EN.ATM.CO2E.PC,WB_WDI_EN_ATM_CO2E_PC,,2017,,,,
محیط زیست,انتشار CO2 سرانه (تن),EN.ATM.CO2E.PC,WB_WDI_EN_ATM_CO2E_PC,,2018,,,,
محیط زیست,انتشار CO2 سرانه (تن),EN.ATM.CO2E.PC,WB_WDI_EN_ATM_CO2E_PC,,2019,,,,
محیط زیست,انتشار CO2 سرانه (تن),EN.ATM.CO2E.PC,WB_WDI_EN_ATM_CO2E_PC,,2020,,,,
محیط زیست,انتشار CO2 سرانه (تن),EN.ATM.CO2E.PC,WB_WDI_EN_ATM_CO2E_PC,,2021,,,,
محیط زیست,انتشار CO2 سرانه (تن),EN.ATM.CO2E.PC,WB_WDI_EN_ATM_CO2E_PC,,2022,,,,
محیط زیست,انتشار CO2 سرانه (تن),EN.ATM.CO2E.PC,WB_WDI_EN_ATM_CO2E_PC,,2023,,,,
محیط زیست,انتشار CO2 سرانه (تن),EN.ATM.CO2E.PC,WB_WDI_EN_ATM_CO2E_PC,,2024,,,,
محیط زیست,انتشار CO2 سرانه (تن),EN.ATM.CO2E.PC,WB_WDI_EN_ATM_CO2E_PC,,2025,,,,
محیط زیست,انتشار CO2 سرانه (تن),EN.ATM.CO2E.PC,WB_WDI_EN_ATM_CO2E_PC,,2026,,,,
محیط زیست,پوشش جنگلی (% زمین),AG.LND.FRST.ZS,WB_WDI_AG_LND_FRST_ZS,PT_LAR,2010,5.310463,,,
محیط زیست,پوشش جنگلی (% زمین),AG.LND.FRST.ZS,WB_WDI_AG_LND_FRST_ZS,PT_LAR,2011,5.268659,2010.0,-0.04180399999999995,-0.7872006640475595
محیط زیست,پوشش جنگلی (% زمین),AG.LND.FRST.ZS,WB_WDI_AG_LND_FRST_ZS,PT_LAR,2012,5.226855,2011.0,-0.04180400000000084,-0.7934466815939472
محیط زیست,پوشش جنگلی (% زمین),AG.LND.FRST.ZS,WB_WDI_AG_LND_FRST_ZS,PT_LAR,2013,5.185051,2012.0,-0.04180399999999995,-0.7997926095137508
محیط زیست,پوشش جنگلی (% زمین),AG.LND.FRST.ZS,WB_WDI_AG_LND_FRST_ZS,PT_LAR,2014,5.143247,2013.0,-0.04180399999999995,-0.8062408643617961
محیط زیست,پوشش جنگلی (% زمین),AG.LND.FRST.ZS,WB_WDI_AG_LND_FRST_ZS,PT_LAR,2015,5.101443,2014.0,-0.04180399999999995,-0.8127939412592853
محیط زیست,پوشش جنگلی (% زمین),AG.LND.FRST.ZS,WB_WDI_AG_LND_FRST_ZS,PT_LAR,2016,5.017954,2015.0,-0.08348900000000015,-1.6365761609019283
محیط زیست,پوشش جنگلی (% زمین),AG.LND.FRST.ZS,WB_WDI_AG_LND_FRST_ZS,PT_LAR,2017,4.994188,2016.0,-0.023765999999999288,-0.47361932771801596
محیط زیست,پوشش جنگلی (% زمین),AG.LND.FRST.ZS,WB_WDI_AG_LND_FRST_ZS,PT_LAR,2018,4.940561,2017.0,-0.053627000000000535,-1.0737881713704116
محیط زیست,پوشش جنگلی (% زمین),AG.LND.FRST.ZS,WB_WDI_AG_LND_FRST_ZS,PT_LAR,2019,4.886934,2018.0,-0.05362699999999965,-1.0854435356632506
محیط زیست,پوشش جنگلی (% زمین),AG.LND.FRST.ZS,WB_WDI_AG_LND_FRST_ZS,PT_LAR,2020,4.833307,2019.0,-0.053627000000000535,-1.0973547013321754
محیط زیست,پوشش جنگلی (% زمین),AG.LND.FRST.ZS,WB_WDI_AG_LND_FRST_ZS,PT_LAR,2021,4.77968,2020.0,-0.05362699999999965,-1.1095301829575415
محیط زیست,پوشش جنگلی (% زمین),AG.LND.FRST.ZS,WB_WDI_AG_LND_FRST_ZS,PT_LAR,2022,4.726053,2021.0,-0.05362699999999965,-1.121978877247005
محیط زیست,پوشش جنگلی (% زمین),AG.LND.FRST.ZS,WB_WDI_AG_LND_FRST_ZS,PT_LAR,2023,4.672426,2022.0,-0.053627000000000535,-1.1347100847155234
محیط زیست,پوشش جنگلی (% زمین),AG.LND.FRST.ZS,WB_WDI_AG_LND_FRST_ZS,PT_LAR,2024,,,,
محیط زیست,پوشش جنگلی (% زمین),AG.LND.FRST.ZS,WB_WDI_AG_LND_FRST_ZS,PT_LAR,2025,,,,
محیط زیست,پوشش جنگلی (% زمین),AG.LND.FRST.ZS,WB_WDI_AG_LND_FRST_ZS,PT_LAR,2026,,,,
محیط زیست,برداشت آب شیرین (%),ER.H2O.FWTL.ZS,WB_WDI_ER_H2O_FWTL_ZS,PT,2010,336.872727,,,
محیط زیست,برداشت آب شیرین (%),ER.H2O.FWTL.ZS,WB_WDI_ER_H2O_FWTL_ZS,PT,2011,326.327273,2010.0,-10.545454000000007,-3.1303970772320806
محیط زیست,برداشت آب شیرین (%),ER.H2O.FWTL.ZS,WB_WDI_ER_H2O_FWTL_ZS,PT,2012,341.6,2011.0,15.272727000000032,4.680187120002082
محیط زیست,برداشت آب شیرین (%),ER.H2O.FWTL.ZS,WB_WDI_ER_H2O_FWTL_ZS,PT,2013,333.636364,2012.0,-7.963636000000008,-2.33127517564403
محیط زیست,برداشت آب شیرین (%),ER.H2O.FWTL.ZS,WB_WDI_ER_H2O_FWTL_ZS,PT,2014,354.309091,2013.0,20.67272700000001,6.19618519760634
محیط زیست,برداشت آب شیرین (%),ER.H2O.FWTL.ZS,WB_WDI_ER_H2O_FWTL_ZS,PT,2015,358.018182,2014.0,3.709091000000001,1.0468517727082538
محیط زیست,برداشت آب شیرین (%),ER.H2O.FWTL.ZS,WB_WDI_ER_H2O_FWTL_ZS,PT,2016,363.218182,2015.0,5.199999999999989,1.4524402003694852
محیط زیست,برداشت آب شیرین (%),ER.H2O.FWTL.ZS,WB_WDI_ER_H2O_FWTL_ZS,PT,2017,363.581818,2016.0,0.3636359999999854,0.10011503223701103
محیط زیست,برداشت آب شیرین (%),ER.H2O.FWTL.ZS,WB_WDI_ER_H2O_FWTL_ZS,PT,2018,350.436364,2017.0,-13.145453999999972,-3.615542183135234
محیط زیست,برداشت آب شیرین (%),ER.H2O.FWTL.ZS,WB_WDI_ER_H2O_FWTL_ZS,PT,2019,322.018182,2018.0,-28.418182,-8.109370179402957
محیط زیست,برداشت آب شیرین (%),ER.H2O.FWTL.ZS,WB_WDI_ER_H2O_FWTL_ZS,PT,2020,344.709091,2019.0,22.690908999999976,7.04646826432924
محیط زیست,برداشت آب شیرین (%),ER.H2O.FWTL.ZS,WB_WDI_ER_H2O_FWTL_ZS,PT,2021,334.836364,2020.0,-9.872726999999998,-2.8640750295732693
محیط زیست,برداشت آب شیرین (%),ER.H2O.FWTL.ZS,WB_WDI_ER_H2O_FWTL_ZS,PT,2022,326.0,2021.0,-8.836364000000003,-2.6390096626422577
محیط زیست,برداشت آب شیرین (%),ER.H2O.FWTL.ZS,WB_WDI_ER_H2O_FWTL_ZS,PT,2023,,,,
محیط زیست,برداشت آب شیرین (%),ER.H2O.FWTL.ZS,WB_WDI_ER_H2O_FWTL_ZS,PT,2024,,,,
محیط زیست,برداشت آب شیرین (%),ER.H2O.FWTL.ZS,WB_WDI_ER_H2O_FWTL_ZS,PT,2025,,,,
محیط زیست,برداشت آب شیرین (%),ER.H2O.FWTL.ZS,WB_WDI_ER_H2O_FWTL_ZS,PT,2026,,,,
