url,lastmod
https://www.pbs.gov.pk/blog/,2026-07-15T12:58:47+00:00
https://www.pbs.gov.pk/consultative-meetings-with-provinces/,2025-10-22T07:39:36+00:00
https://www.pbs.gov.pk/49th-cci/,2025-10-22T07:39:36+00:00
https://www.pbs.gov.pk/sensitization-workshops/,2025-10-22T07:39:36+00:00
https://www.pbs.gov.pk/cpi-press-release-june-14/,2025-10-22T07:39:37+00:00
https://www.pbs.gov.pk/digital-census/,2025-10-22T07:39:37+00:00
https://www.pbs.gov.pk/45th-cci/,2025-10-22T07:39:37+00:00
https://www.pbs.gov.pk/questionnaire-design-finalization/,2025-10-22T07:39:37+00:00
https://www.pbs.gov.pk/cpi-press-release-january-14/,2025-10-22T07:39:37+00:00
https://www.pbs.gov.pk/cpi-presess-release-october-2019/,2025-10-22T07:39:37+00:00
https://www.pbs.gov.pk/quantum-index-of-large-scale-manufacturing-industries-qim-for-march-2025/,2025-10-24T05:26:42+00:00
https://www.pbs.gov.pk/release-of-national-and-provincial-census-reports-of-population-and-housing-census-2023-2/,2025-10-24T05:30:10+00:00
https://www.pbs.gov.pk/monthly-summary-on-foreign-trade-statistics-for-september-2025/,2025-10-24T05:36:52+00:00
https://www.pbs.gov.pk/advance-release-calendar-of-national-accounts-advance-release-calendar-of-national-accounts-for-fy-2023-24-and-fy-2024-25/,2025-10-24T05:40:14+00:00
https://www.pbs.gov.pk/weekly-sensitive-price-indicator-spi-for-the-week-ended-on-30-10-2025/,2025-10-31T07:26:20+00:00
https://www.pbs.gov.pk/monthly-inflation-report-for-oct-2025/,2025-11-03T10:07:04+00:00
https://www.pbs.gov.pk/monthly-summary-on-foreign-trade-statistics-for-october-2025/,2025-11-05T04:46:39+00:00
https://www.pbs.gov.pk/monthly-summary-on-foreign-trade-statistics-for-october-2025-2/,2025-11-18T05:50:46+00:00
https://www.pbs.gov.pk/quantum-index-of-large-scale-manufacturing-industries-qim-for-september-2025/,2025-11-19T09:18:27+00:00
https://www.pbs.gov.pk/monthly-inflation-report-for-nov-2025/,2025-12-01T10:09:45+00:00
https://www.pbs.gov.pk/monthly-summary-on-foreign-trade-statistics-for-november-2025/,2025-12-02T07:14:07+00:00
https://www.pbs.gov.pk/weekly-sensitive-price-indicator-spi-for-the-week-ended-on-11-12-2025/,2025-12-12T09:03:47+00:00
https://www.pbs.gov.pk/quantum-index-of-large-scale-manufacturing-industries-qim-for-october-2025/,2025-12-19T08:38:31+00:00
https://www.pbs.gov.pk/weekly-sensitive-price-indicator-spi-for-the-week-ended-on-24-12-2025/,2025-12-26T09:25:43+00:00
https://www.pbs.gov.pk/monthly-inflation-report-for-dec-2025/,2026-01-01T09:32:58+00:00
https://www.pbs.gov.pk/advance-release-calendar-of-national-accounts-advance-release-calendar-of-national-accounts-for-fy-2025-26/,2026-01-02T04:28:50+00:00
https://www.pbs.gov.pk/monthly-summary-on-foreign-trade-statistics-for-december-2025/,2026-01-02T10:12:05+00:00
https://www.pbs.gov.pk/quantum-index-of-large-scale-manufacturing-industries-qim-for-nomember-2025/,2026-01-16T11:27:03+00:00
https://www.pbs.gov.pk/household-integrated-economic-survey-hies-2024-25/,2026-01-21T09:55:04+00:00
https://www.pbs.gov.pk/monthly-inflation-report-for-january-2026/,2026-02-02T12:16:03+00:00
https://www.pbs.gov.pk/monthly-summary-on-foreign-trade-statistics-for-jan-2026/,2026-02-02T14:35:06+00:00
https://www.pbs.gov.pk/monthly-advance-releases-on-foreign-trade-statistics-for-january-2026/,2026-02-17T12:46:03+00:00
https://www.pbs.gov.pk/quantum-index-of-large-scale-manufacturing-industries-qim-for-december-2025/,2026-02-18T03:10:41+00:00
https://www.pbs.gov.pk/weekly-sensitive-price-indicator-spi-for-the-week-ended-on-26-02-2026/,2026-02-27T08:18:35+00:00
https://www.pbs.gov.pk/monthly-inflation-report-for-february-2026/,2026-03-02T08:46:55+00:00
https://www.pbs.gov.pk/weekly-sensitive-price-indicator-spi-for-the-week-ended-on-11-03-2026/,2026-03-12T09:10:11+00:00
https://www.pbs.gov.pk/monthly-advance-releases-on-foreign-trade-statistics-for-feburary-2026/,2026-03-12T11:33:02+00:00
https://www.pbs.gov.pk/summary-of-provisional-quantum-index-numbers-of-large-scale-manufacturing-industries-qim-for-january-2026/,2026-03-16T15:42:38+00:00
https://www.pbs.gov.pk/weekly-sensitive-price-indicator-spi-for-the-week-ended-on-26-03-2026/,2026-03-27T06:17:39+00:00
https://www.pbs.gov.pk/monthly-inflation-report-for-march-2026/,2026-04-01T10:45:05+00:00
https://www.pbs.gov.pk/advance-release-calendar-of-national-accounts-for-fy-2025-26/,2026-04-02T13:02:05+00:00
https://www.pbs.gov.pk/weekly-sensitive-price-indicator-spi-for-the-week-ended-on-02-04-2026/,2026-04-03T06:59:40+00:00
https://www.pbs.gov.pk/weekly-sensitive-price-indicator-spi-for-the-week-ended-on-09-04-2026/,2026-04-10T08:07:48+00:00
https://www.pbs.gov.pk/quantum-index-of-large-scale-manufacturing-industries-qim-for-feb-2026/,2026-04-16T03:51:27+00:00
https://www.pbs.gov.pk/monthly-inflation-report-for-april-2026/,2026-05-01T09:09:15+00:00
https://www.pbs.gov.pk/monthly-summary-on-foreign-trade-statistics-for-march-2026/,2026-05-04T14:27:20+00:00
https://www.pbs.gov.pk/summary-of-provisional-quantum-index-numbers-of-large-scale-manufacturing-industries-qim-for-march-2026/,2026-05-06T10:12:43+00:00
https://www.pbs.gov.pk/monthly-advance-releases-on-foreign-trade-statistics-for-march-2026/,2026-05-18T14:28:50+00:00
https://www.pbs.gov.pk/monthly-advance-releases-on-foreign-trade-statistics-for-april-2026/,2026-05-18T14:34:48+00:00
https://www.pbs.gov.pk/weekly-sensitive-price-indicator-spi-for-the-week-ended-on-21-05-2026/,2026-05-22T06:00:24+00:00
https://www.pbs.gov.pk/monthly-inflation-report-for-may-2026/,2026-06-01T09:02:41+00:00
https://www.pbs.gov.pk/monthly-summary-on-foreign-trade-statistics-for-may-2026/,2026-06-03T13:51:21+00:00
https://www.pbs.gov.pk/weekly-sensitive-price-indicator-spi-for-the-week-ended-on-4-06-2026/,2026-06-05T07:01:29+00:00
https://www.pbs.gov.pk/weekly-sensitive-price-indicator-spi-for-the-week-ended-on-11-06-2026/,2026-06-12T07:00:59+00:00
https://www.pbs.gov.pk/summary-of-provisional-quantum-index-numbers-of-large-scale-manufacturing-industries-qim-for-april-2026/,2026-06-15T15:50:44+00:00
https://www.pbs.gov.pk/monthly-advance-releases-on-foreign-trade-statistics-for-may-2026/,2026-06-16T12:22:12+00:00
https://www.pbs.gov.pk/monthly-inflation-report-for-june-2026/,2026-07-01T09:03:19+00:00
https://www.pbs.gov.pk/agricultural-census-report-launch-2024-25/,2026-07-09T06:13:33+00:00
https://www.pbs.gov.pk/summary-of-provisional-quantum-index-numbers-of-large-scale-manufacturing-industries-qim-for-may-2026/,2026-07-15T12:58:47+00:00
https://www.pbs.gov.pk/,2026-07-17T07:17:56+00:00
https://www.pbs.gov.pk/thank-page/,2020-07-21T09:59:16+00:00
https://www.pbs.gov.pk/error-page/,2020-07-21T09:59:34+00:00
https://www.pbs.gov.pk/moza-census/,2022-12-22T09:09:50+00:00
https://www.pbs.gov.pk/disability-statistics/,2022-12-22T09:29:16+00:00
https://www.pbs.gov.pk/detail-info/,2023-09-21T19:00:49+00:00
https://www.pbs.gov.pk/tenure/,2023-10-13T15:14:35+00:00
https://www.pbs.gov.pk/trade/,2023-10-22T16:36:13+00:00
https://www.pbs.gov.pk/national-accounts-tables/,2023-11-29T06:52:49+00:00
https://www.pbs.gov.pk/page-not-found/,2023-11-29T09:11:19+00:00
https://www.pbs.gov.pk/advance-release-on-foreign-trade-statistics/,2023-11-30T07:56:36+00:00
https://www.pbs.gov.pk/quantum-index-of-large-scale-manufacturing-industries-qim/,2023-11-30T09:07:12+00:00
https://www.pbs.gov.pk/faqs/,2023-12-04T05:55:01+00:00
https://www.pbs.gov.pk/vision/,2023-12-04T06:29:33+00:00
https://www.pbs.gov.pk/mission/,2023-12-04T06:45:34+00:00
https://www.pbs.gov.pk/organogram/,2023-12-04T07:16:06+00:00
https://www.pbs.gov.pk/dp-center/,2023-12-10T15:07:17+00:00
https://www.pbs.gov.pk/foreign-training/,2023-12-14T08:52:19+00:00
https://www.pbs.gov.pk/psdp-projects/,2023-12-14T09:29:58+00:00
https://www.pbs.gov.pk/rebuttal/,2023-12-14T09:56:11+00:00
https://www.pbs.gov.pk/classifications/,2023-12-14T10:03:18+00:00
https://www.pbs.gov.pk/data-citations/,2023-12-14T10:28:05+00:00
https://www.pbs.gov.pk/training-domestic-local/,2023-12-15T09:19:06+00:00
https://www.pbs.gov.pk/history/,2024-03-03T07:20:20+00:00
https://www.pbs.gov.pk/gis/,2024-05-06T07:22:17+00:00
https://www.pbs.gov.pk/pds/,2024-06-26T06:12:42+00:00
https://www.pbs.gov.pk/training-wing-web-portal-page/,2024-07-29T05:57:12+00:00
https://www.pbs.gov.pk/sample-design/,2025-01-24T09:43:06+00:00
https://www.pbs.gov.pk/demographic-and-research/,2025-02-04T07:11:53+00:00
https://www.pbs.gov.pk/energy-mining-2/,2025-02-26T05:34:24+00:00
https://www.pbs.gov.pk/field-services-landing-page/,2025-10-22T05:43:42+00:00
https://www.pbs.gov.pk/image-gallery/,2025-10-24T05:00:23+00:00
https://www.pbs.gov.pk/academia-and-quiz-competition/,2025-10-28T07:04:05+00:00
https://www.pbs.gov.pk/stalls-management/,2025-10-28T07:04:47+00:00
https://www.pbs.gov.pk/panel-discussions/,2025-10-28T07:05:15+00:00
https://www.pbs.gov.pk/workshops/,2025-10-28T07:05:58+00:00
https://www.pbs.gov.pk/cultural-event/,2025-10-28T07:06:17+00:00
https://www.pbs.gov.pk/datafest/,2025-10-28T07:07:08+00:00
https://www.pbs.gov.pk/datafestival/,2025-11-03T04:49:38+00:00
https://www.pbs.gov.pk/tenders/,2025-11-03T09:40:32+00:00
https://www.pbs.gov.pk/agriculture-census/,2025-11-25T07:01:24+00:00
https://www.pbs.gov.pk/agriculture-sector-of-pakistan-importance-role-key-statistics/,2025-11-25T07:05:34+00:00
https://www.pbs.gov.pk/survey-on-covid-19/,2025-11-25T07:09:22+00:00
https://www.pbs.gov.pk/pakistan-bureau-of-statistics-economic-statistics-production/,2025-11-25T08:12:57+00:00
https://www.pbs.gov.pk/content/,2025-12-10T05:21:40+00:00
https://www.pbs.gov.pk/content/child-labour-survey-graph/,2025-12-10T05:22:09+00:00
https://www.pbs.gov.pk/job-openings/,2025-12-23T09:29:00+00:00
https://www.pbs.gov.pk/disability-statistics-2/,2025-12-24T04:21:52+00:00
https://www.pbs.gov.pk/subscription-form/,2025-12-29T08:36:51+00:00
https://www.pbs.gov.pk/data-information-request-form/,2025-12-29T08:37:39+00:00
https://www.pbs.gov.pk/data-request/,2025-12-29T08:38:43+00:00
https://www.pbs.gov.pk/census/,2026-02-12T09:26:30+00:00
https://www.pbs.gov.pk/pslm-3/,2026-02-13T07:30:17+00:00
https://www.pbs.gov.pk/pbs-library/,2026-03-10T06:26:13+00:00
https://www.pbs.gov.pk/about/,2026-04-06T08:03:07+00:00
https://www.pbs.gov.pk/labour-force-statistics/,2026-04-07T09:55:46+00:00
https://www.pbs.gov.pk/labour-force-publications/,2026-04-07T10:15:28+00:00
https://www.pbs.gov.pk/nsdp/,2026-04-15T06:18:10+00:00
https://www.pbs.gov.pk/mouza-census/,2026-04-30T06:35:08+00:00
https://www.pbs.gov.pk/data-dissemination/,2026-05-13T06:24:02+00:00
https://www.pbs.gov.pk/national-accounts-2/,2026-05-14T04:44:16+00:00
https://www.pbs.gov.pk/result-excel/,2026-06-08T05:12:36+00:00
https://www.pbs.gov.pk/contact-1/,2026-06-16T06:37:05+00:00
https://www.pbs.gov.pk/social-statistics-2/,2026-06-18T08:52:10+00:00
https://www.pbs.gov.pk/publication-2/,2026-06-18T13:25:50+00:00
https://www.pbs.gov.pk/business-register-2/,2026-07-06T07:11:18+00:00
https://www.pbs.gov.pk/press-release/,2026-07-09T05:22:51+00:00
https://www.pbs.gov.pk/hies/,2026-07-10T06:14:33+00:00
https://www.pbs.gov.pk/industry-2/,2026-07-15T13:01:43+00:00
https://www.pbs.gov.pk/censusarchive/,2026-07-16T06:18:15+00:00
https://www.pbs.gov.pk/external-trade-statistics/,2026-07-17T06:07:03+00:00
https://www.pbs.gov.pk/price-statistics/,2026-07-17T07:11:52+00:00
https://www.pbs.gov.pk/shop/,2026-05-08T12:51:01+00:00
https://www.pbs.gov.pk/product/woo-logo-hoody-red/,2020-08-18T07:36:20+00:00
https://www.pbs.gov.pk/product/woo-logo-hoody/,2020-08-18T08:00:04+00:00
https://www.pbs.gov.pk/product/music-album-1/,2025-07-16T14:44:55+00:00
https://www.pbs.gov.pk/product/woo-logo-hoody-black/,2025-07-17T05:06:14+00:00
https://www.pbs.gov.pk/product/blue-light-woo-poster/,2025-07-17T05:06:44+00:00
https://www.pbs.gov.pk/product/v-neck-t-shirt/,2025-07-17T05:23:37+00:00
https://www.pbs.gov.pk/product/black-logo-t-shirt/,2025-07-17T05:24:05+00:00
https://www.pbs.gov.pk/product/fit-blazer-hoodies/,2025-07-17T09:17:07+00:00
https://www.pbs.gov.pk/product/ninja-woo-poster/,2025-07-17T09:17:30+00:00
https://www.pbs.gov.pk/product/grey-woo-poster/,2025-07-17T09:20:47+00:00
https://www.pbs.gov.pk/product/modern-black-hoodies/,2025-07-17T09:21:07+00:00
https://www.pbs.gov.pk/product/red-woo-poster/,2025-07-17T09:21:31+00:00
https://www.pbs.gov.pk/product/shawl-black-t-shirt/,2025-08-28T08:26:56+00:00
https://www.pbs.gov.pk/product/light-green-t-shirt/,2025-08-28T08:27:41+00:00
https://www.pbs.gov.pk/product/modern-grey-hoodies/,2025-08-28T08:30:10+00:00
https://www.pbs.gov.pk/product/shawl-white-t-shirt/,2025-08-28T08:30:42+00:00
https://www.pbs.gov.pk/product/woo-grey-t-shirt/,2025-09-01T19:08:34+00:00
https://www.pbs.gov.pk/product/blue-woo-poster/,2025-11-19T15:52:07+00:00
https://www.pbs.gov.pk/product/music-collection-1/,2026-02-24T11:14:08+00:00
https://www.pbs.gov.pk/product/angle-music-2/,2026-05-08T12:51:01+00:00
https://www.pbs.gov.pk/docs/,2025-01-23T09:06:34+00:00
https://www.pbs.gov.pk/docs/pakistan-social-and-living-standard-measurement-survey-pslm/,2024-03-08T07:48:58+00:00
https://www.pbs.gov.pk/docs/price-faqs/,2024-03-08T08:19:42+00:00
https://www.pbs.gov.pk/docs/external-trade/,2024-03-08T08:21:27+00:00
https://www.pbs.gov.pk/docs/economic-key-words-terminologies-currently-being-used-word-wide-collected-through-different-reportsarticles-papers-etc/,2024-03-08T08:23:03+00:00
https://www.pbs.gov.pk/docs/14696/,2024-03-08T08:25:27+00:00
https://www.pbs.gov.pk/docs/faqs-pertaining-to-sample-design-section-pbs-islamabad/,2024-03-08T08:27:08+00:00
https://www.pbs.gov.pk/docs/economic-section/,2024-03-08T08:29:34+00:00
https://www.pbs.gov.pk/docs/field-services/,2024-03-08T08:31:01+00:00
https://www.pbs.gov.pk/docs/labour-force-survey-section/,2024-03-08T08:31:49+00:00
https://www.pbs.gov.pk/docs/energy-and-mining-statistics-section/,2024-03-08T09:38:19+00:00
https://www.pbs.gov.pk/docs/pakistan-demographic-survey-pds-2020/,2024-03-08T09:40:43+00:00
https://www.pbs.gov.pk/docs/business-register/,2024-03-08T09:42:21+00:00
https://www.pbs.gov.pk/docs/national-accounts/,2024-03-08T09:44:10+00:00
https://www.pbs.gov.pk/docs/qim/,2024-03-08T10:12:43+00:00
https://www.pbs.gov.pk/docs/social-statistics/,2024-07-31T07:15:27+00:00
https://www.pbs.gov.pk/docs/national-account/,2025-01-23T09:06:34+00:00
https://www.pbs.gov.pk/ova_doc/,2020-07-24T07:07:06+00:00
https://www.pbs.gov.pk/ova_doc/housing-developement-plan/,2020-07-23T10:14:56+00:00
https://www.pbs.gov.pk/ova_doc/business-license-application/,2020-07-24T07:07:01+00:00
https://www.pbs.gov.pk/ova_doc/rural-devlopement-reports/,2020-07-24T07:07:02+00:00
https://www.pbs.gov.pk/ova_doc/covid-19-daily-updates/,2020-07-24T07:07:02+00:00
https://www.pbs.gov.pk/ova_doc/budget-allocation-q3/,2020-07-24T07:07:02+00:00
https://www.pbs.gov.pk/ova_doc/energy-recycle-plan/,2020-07-24T07:07:02+00:00
https://www.pbs.gov.pk/ova_doc/yearly-financial-report-2022/,2020-07-24T07:07:03+00:00
https://www.pbs.gov.pk/ova_doc/housing-developement-plan-2/,2020-07-24T07:07:04+00:00
https://www.pbs.gov.pk/ova_doc/health-and-security-plan/,2020-07-24T07:07:04+00:00
https://www.pbs.gov.pk/ova_doc/traffic-strategic-plan/,2020-07-24T07:07:05+00:00
https://www.pbs.gov.pk/ova_doc/economy-growth-report/,2020-07-24T07:07:05+00:00
https://www.pbs.gov.pk/ova_doc/road-transport-forms/,2020-07-24T07:07:05+00:00
https://www.pbs.gov.pk/ova_doc/city-board-applications/,2020-07-24T07:07:06+00:00
https://www.pbs.gov.pk/ova_doc/veichle-parking-license/,2020-07-24T07:07:06+00:00
https://www.pbs.gov.pk/event/,2025-11-14T07:43:33+00:00
https://www.pbs.gov.pk/event/inauguration-of-self-enumeration-portal/,2023-12-29T06:10:44+00:00
https://www.pbs.gov.pk/event/house-listing-activity-for-digital-census/,2023-12-29T06:11:29+00:00
https://www.pbs.gov.pk/event/field-activities-in-connection-with-first-ever-digital-census-start-across-country/,2024-05-10T05:48:17+00:00
https://www.pbs.gov.pk/event/inauguration-of-7th-agricultural-census-2024/,2025-02-11T05:14:19+00:00
https://www.pbs.gov.pk/event/pakistan-first-ever-data-festival-2024/,2025-04-30T05:24:04+00:00
https://www.pbs.gov.pk/event/pakistan-first-ever-data-festival-2025-2/,2025-11-14T07:43:33+00:00
https://www.pbs.gov.pk/ova_framework_hf_el/header-1-2/,2020-07-13T00:55:32+00:00
https://www.pbs.gov.pk/ova_framework_hf_el/header-primary-2/,2020-07-13T02:43:04+00:00
https://www.pbs.gov.pk/ova_framework_hf_el/footer-5/,2020-07-14T06:31:54+00:00
https://www.pbs.gov.pk/ova_framework_hf_el/header-2-2/,2020-07-15T00:42:17+00:00
https://www.pbs.gov.pk/ova_framework_hf_el/header-3-2/,2020-10-21T01:10:06+00:00
https://www.pbs.gov.pk/ova_framework_hf_el/header-4-2/,2020-10-29T14:48:32+00:00
https://www.pbs.gov.pk/ova_framework_hf_el/footer-2-2/,2020-11-05T03:11:04+00:00
https://www.pbs.gov.pk/ova_framework_hf_el/header-5-2/,2020-11-05T04:10:24+00:00
https://www.pbs.gov.pk/ova_framework_hf_el/footer-3-2/,2020-11-05T04:11:11+00:00
https://www.pbs.gov.pk/ova_framework_hf_el/header-6-2/,2020-11-07T03:36:46+00:00
https://www.pbs.gov.pk/ova_framework_hf_el/footer-4-2/,2020-11-07T04:33:13+00:00
https://www.pbs.gov.pk/ova_framework_hf_el/footer5-2/,2020-12-11T02:05:40+00:00
https://www.pbs.gov.pk/ova_framework_hf_el/header-7-2/,2020-12-14T01:56:53+00:00
https://www.pbs.gov.pk/ova_framework_hf_el/footer-6-2/,2020-12-18T09:17:04+00:00
https://www.pbs.gov.pk/ova_framework_hf_el/header-8-2/,2020-12-19T03:09:02+00:00
https://www.pbs.gov.pk/ova_framework_hf_el/footer7-2/,2020-12-26T02:52:09+00:00
https://www.pbs.gov.pk/ova_framework_hf_el/header9-2/,2020-12-26T03:39:34+00:00
https://www.pbs.gov.pk/ova_framework_hf_el/header-primary/,2022-11-17T16:40:57+00:00
https://www.pbs.gov.pk/ova_framework_hf_el/header-3/,2022-11-17T16:40:58+00:00
https://www.pbs.gov.pk/ova_framework_hf_el/footer-6/,2022-11-17T16:40:58+00:00
https://www.pbs.gov.pk/ova_framework_hf_el/footer5/,2022-11-17T16:40:58+00:00
https://www.pbs.gov.pk/ova_framework_hf_el/header-7/,2022-11-17T16:40:58+00:00
https://www.pbs.gov.pk/ova_framework_hf_el/header-8/,2022-11-17T16:40:58+00:00
https://www.pbs.gov.pk/ova_framework_hf_el/header-6/,2022-11-17T16:40:58+00:00
https://www.pbs.gov.pk/ova_framework_hf_el/header-4/,2022-11-17T16:40:58+00:00
https://www.pbs.gov.pk/ova_framework_hf_el/footer-4/,2022-11-17T16:40:58+00:00
https://www.pbs.gov.pk/ova_framework_hf_el/footer-2/,2022-11-17T16:40:58+00:00
https://www.pbs.gov.pk/ova_framework_hf_el/footer7/,2022-11-17T16:40:58+00:00
https://www.pbs.gov.pk/ova_framework_hf_el/header-2/,2022-11-17T16:40:58+00:00
https://www.pbs.gov.pk/ova_framework_hf_el/header9/,2022-11-17T16:40:58+00:00
https://www.pbs.gov.pk/ova_framework_hf_el/header-5/,2022-11-17T16:40:58+00:00
https://www.pbs.gov.pk/ova_framework_hf_el/footer-3/,2022-11-17T16:40:58+00:00
https://www.pbs.gov.pk/ova_framework_hf_el/header-1/,2025-11-20T10:32:10+00:00
https://www.pbs.gov.pk/ova_framework_hf_el/footer/,2026-04-06T10:34:42+00:00
https://www.pbs.gov.pk/ova_por/,2023-02-08T06:54:53+00:00
https://www.pbs.gov.pk/ova_por/agriculture-census/,2023-02-08T06:13:44+00:00
https://www.pbs.gov.pk/ova_por/7th-population-and-housing-census-digital-census/,2023-02-08T06:14:20+00:00
https://www.pbs.gov.pk/ova_por/energy-mining-statistics/,2023-02-08T06:16:46+00:00
https://www.pbs.gov.pk/ova_por/labour-force-child-labour/,2023-02-08T06:19:31+00:00
https://www.pbs.gov.pk/ova_por/national-accounts/,2023-02-08T06:20:29+00:00
https://www.pbs.gov.pk/ova_por/demographic-and-research/,2023-02-08T06:23:09+00:00
https://www.pbs.gov.pk/ova_por/pslm-pds-lfs-and-covid-surveys/,2023-02-08T06:25:36+00:00
https://www.pbs.gov.pk/ova_por/external-trade-statistics/,2023-02-08T06:26:06+00:00
https://www.pbs.gov.pk/ova_por/report-on-recommendations-adoption-of-best-practices/,2023-02-08T06:41:54+00:00
https://www.pbs.gov.pk/ova_por/mouza-census-2020-country-report/,2023-02-08T06:51:10+00:00
https://www.pbs.gov.pk/ova_por/hierarchy/,2023-02-08T06:54:39+00:00
https://www.pbs.gov.pk/ova_por/report-on-recommendations-adoption-of-best-practices-for-7th-population/,2023-02-08T06:54:53+00:00
https://www.pbs.gov.pk/ova_sev/,2022-11-17T16:40:58+00:00
https://www.pbs.gov.pk/ova_sev/business-and-industry-2-2/,2020-08-01T08:43:19+00:00
https://www.pbs.gov.pk/ova_sev/health-and-securities-2/,2020-08-01T08:44:31+00:00
https://www.pbs.gov.pk/ova_sev/education-and-skills-2/,2020-08-01T08:54:21+00:00
https://www.pbs.gov.pk/ova_sev/justice-safty-and-the-law-2/,2020-08-01T08:58:21+00:00
https://www.pbs.gov.pk/ova_sev/culture-recreation-2/,2020-08-01T08:59:33+00:00
https://www.pbs.gov.pk/ova_sev/roads-transportation-2/,2020-08-01T09:00:50+00:00
https://www.pbs.gov.pk/ova_sev/business-and-industry-3-2/,2020-08-01T09:06:03+00:00
https://www.pbs.gov.pk/ova_sev/jobs-and-unemployment-2/,2020-08-01T09:06:56+00:00
https://www.pbs.gov.pk/ova_sev/your-goverment-2/,2020-08-01T09:07:38+00:00
https://www.pbs.gov.pk/ova_sev/business-and-industry-2/,2022-11-17T16:40:58+00:00
https://www.pbs.gov.pk/ova_sev/your-goverment/,2022-11-17T16:40:58+00:00
https://www.pbs.gov.pk/ova_sev/health-and-securities/,2022-11-17T16:40:58+00:00
https://www.pbs.gov.pk/ova_sev/jobs-and-unemployment/,2022-11-17T16:40:58+00:00
https://www.pbs.gov.pk/ova_sev/business-and-industry-3/,2022-11-17T16:40:58+00:00
https://www.pbs.gov.pk/ova_sev/culture-recreation/,2022-11-17T16:40:58+00:00
https://www.pbs.gov.pk/ova_sev/roads-transportation/,2022-11-17T16:40:58+00:00
https://www.pbs.gov.pk/ova_sev/justice-safty-and-the-law/,2022-11-17T16:40:58+00:00
https://www.pbs.gov.pk/ova_sev/education-and-skills/,2022-11-17T16:40:58+00:00
https://www.pbs.gov.pk/category/history/,2025-10-22T07:39:37+00:00
https://www.pbs.gov.pk/category/pbs-news/,2025-10-22T07:39:37+00:00
https://www.pbs.gov.pk/category/whats-new/,2026-07-18T19:36:55+00:00
https://www.pbs.gov.pk/tag/andtheservicessector0-8/,2025-10-22T07:39:36+00:00
https://www.pbs.gov.pk/tag/design/,2025-10-22T07:39:37+00:00
https://www.pbs.gov.pk/tag/developement/,2025-10-22T07:39:37+00:00
https://www.pbs.gov.pk/tag/https-blogs-worldbank-org-en-opendata-world-bank-partnership-supports-pakistan-s-quarterly-gdp-data-rotextforthemostrecentquarter/,2025-10-22T07:39:36+00:00
https://www.pbs.gov.pk/product-category/accessories/,2026-05-08T12:51:01+00:00
https://www.pbs.gov.pk/product-category/clothing/,2025-09-01T19:08:34+00:00
https://www.pbs.gov.pk/product-category/decor/,2026-05-08T12:51:01+00:00
https://www.pbs.gov.pk/product-category/hoodies/,2025-08-28T08:30:10+00:00
https://www.pbs.gov.pk/product-category/tshirts/,2025-09-01T19:08:34+00:00
https://www.pbs.gov.pk/product-tag/city/,2026-02-24T11:14:08+00:00
https://www.pbs.gov.pk/product-tag/design/,2026-05-08T12:51:01+00:00
https://www.pbs.gov.pk/product-tag/development/,2025-09-01T19:08:34+00:00
https://www.pbs.gov.pk/product-tag/goverment/,2026-05-08T12:51:01+00:00
https://www.pbs.gov.pk/product-tag/road/,2026-02-24T11:14:08+00:00
https://www.pbs.gov.pk/product-tag/smart-city/,2025-11-19T15:52:07+00:00
https://www.pbs.gov.pk/docs-category/business-register/,2024-03-08T09:42:21+00:00
https://www.pbs.gov.pk/docs-category/economic-section/,2024-03-08T08:29:34+00:00
https://www.pbs.gov.pk/docs-category/energy-mining/,2024-03-08T09:38:19+00:00
https://www.pbs.gov.pk/docs-category/external-trade/,2024-03-08T08:25:27+00:00
https://www.pbs.gov.pk/docs-category/field-services/,2024-03-08T08:31:01+00:00
https://www.pbs.gov.pk/docs-category/labor-force-survey-lfs/,2024-03-08T08:31:49+00:00
https://www.pbs.gov.pk/docs-category/national-accounts/,2024-03-08T09:44:10+00:00
https://www.pbs.gov.pk/docs-category/pakistan-demographic-survey-pds/,2024-03-08T09:40:43+00:00
https://www.pbs.gov.pk/docs-category/price/,2024-03-08T08:19:42+00:00
https://www.pbs.gov.pk/docs-category/pslm/,2024-03-08T07:48:58+00:00
https://www.pbs.gov.pk/docs-category/quantum-index-of-manufacturing-qim/,2024-03-08T10:12:43+00:00
https://www.pbs.gov.pk/docs-category/sample-design/,2024-03-08T08:27:08+00:00
https://www.pbs.gov.pk/docs-category/pbs/,2024-07-31T07:15:27+00:00
https://www.pbs.gov.pk/cat_doc/business-reports/,2020-07-24T07:07:02+00:00
https://www.pbs.gov.pk/cat_doc/city-reports/,2020-07-24T07:07:06+00:00
https://www.pbs.gov.pk/cat_doc/finance-economy/,2020-07-24T07:07:05+00:00
https://www.pbs.gov.pk/cat_doc/public-works/,2020-07-24T07:07:04+00:00
https://www.pbs.gov.pk/cat_doc/roads-transport/,2020-07-24T07:07:06+00:00
https://www.pbs.gov.pk/event_type/census/,2025-02-11T05:14:19+00:00
https://www.pbs.gov.pk/event_type/data-festival/,2025-11-14T07:43:33+00:00
https://www.pbs.gov.pk/event_tag/announcement/,2025-11-14T07:43:33+00:00
https://www.pbs.gov.pk/cat_por/population-census/,2023-02-08T06:26:06+00:00
https://www.pbs.gov.pk/cat_por/statistics/,2023-02-08T06:54:53+00:00
https://www.pbs.gov.pk/author/blog-sit/,2025-11-19T07:33:16+00:00
