Sectors,Sub-Sectors-Level1,Sub-Sectors-Level2,1947-48,1948-49,1949-50,1950-51,1951-52,1952-53,1953-54,1954-55,1955-56,1956-57,1957-58,1958-59,1959-60,1960-61,1961-62,1962-63,1963-64,1964-65,1965-66,1966-67,1967-68,1968-69,1969-70,1970-71,1971-72,1972-73,1973-74,1974-75,1975-76,1976-77,1977-78,1978-79,1979-80,1980-81,1981-82,1982-83,1983-84,1984-85,1985-86,1986-87,1987-88,1988-89,1989-90,1990-91,1991-92,1992-93,1993-94,1994-95,1995-96,1996-97,1997-98,1998-99,1999-00,2000-01,2001-02,2002-03,2003-04,2004-05,2005-06,2006-07,2007-08,2008-09,2009-10,2010-11,2011-12,2012-13,2013-14,2014-15,2015-16,2016-17,2017-18,2018-19,2019-20,2020-21,2021-22,2022-23,2023-24,2024-25,2025-26
Current Account Balance ($ Million),,,,,,,,,,,,,,,,,,,,,,,,,,,,,,,,,,,,,,,,,,,,,,,,,,,-4575,-3846,-1921,-2429,-1143,-513,1338,4070,1811.4,-1534,-4990,-6878,-13874,-9260.5,-3946.43,214,-4658,-2496,-3130,-2815,-4961,-12270,-19195,-13434,-4449,-2820,-17481,-3275,-2072,1838,
Current Account Balance without off. Transfers ($ Million),,,,,,,,,,,,,,,,,,,,,,,,,,,,,,,,,,,,,,,,,,,,,,,,,,,,,,,,,,3165,1300.4,-1784,-5671,-7403,-14302,-9423.5,-4502.43,-610,-5243,-2898,-3464,-3141,-5546,-12844,-20165,-14177,-4898,-3079,-17823,-3642,-2488,1332,
,Exports of Goods FOB ($ Million),,,,,,,,,,,,,,,,,,,,,,,,,683,625,766,1020,978,1162,1132,1497,1644,2341,2799,2316,2627,2665,2458,2943,3488,4361,4628,4924,5894,6762,6782,6685,7759,8311,8096,8434,7528,8190,8934,9140,10974,12461,14481,16572,17301,20448,19125.5,19680,25369,24718,24802,25078,24090,21972,22003,24768,24257,22536,25639,32493,27876,30980,32343,
,Imports of Goods FOB($ Million),,,,,,,,,,,,,,,,,,,,,,,,,1187,954,889,1493,2114,2139,2418,3174,3816,4857,5563,5771,5618,5990,6017,6000,5793,6917,7201,7414,8387,8998,10049,8685,10296,12015,11236,10301,9613,9602,10202,9434,11333,13718,18931,24893,26873,35282,31665,31132,35796,40370,40157,41668,41357,41118,48001,55671,51869,43645,54273,71543,52695,53157,59146,
,Balance on Trade in Goods ($ Million),,,,,,,,,,,,,,,,,,,,,,,,,-504,-329,-123,-473,-1137,-977,-1286,-1677,-2172,-2516,-2765,-3455,-2991,-3325,-3559,-3057,-2305,-2556,-2573,-2490,-2493,-2236,-3267,-2000,-2537,-3704,-3140,-1867,-2085,-1412,-1268,-294,-359,-1257,-4450,-8321,-9572,-14834,-12539.5,-11452,-10427,-15652,-15355,-16590,-17267,-19146,-25998,-30903,-27612,-21109,-28634,-39050,-24819,-22177,-26803,
,Exports of Services ($ Million),,,,,,,,,,,,,,,,,,,,,,,,,,,,,,,,,,,,,,,,,,,,,,,,,,,,,,,,,2712,2642,3315,3740,4107,3564,4087,5213,5745,5014,6724,5345,5872,5456,5915,5851,5966,5437,5945,7102,7596,7691,8450,
,Imports of Services ($ Million),,,,,,,,,,,,,,,,,,,,,,,,,,,,,,,,,,,,,,,,,,,,,,,,,,,,,,,,,2714,3979.6,6672,8290,8416,10157,7555,6987.43,7774,8319,8288,7995,8848,9002,10576,12277,10936,8753,8461,12942,8638,10801,11286.2,
,,Transportation ($ Million),,,,,,,,,,,,,,,,,,,,,,,,,,,,,,,,,,,,,,,,,,,,,,,,,,,,,,,,,,,,,3785,3633,3577,4072,3516,3297,3874,4160,3272,3808,3956,3639,3036,3279,7405,4058,4677,4698,
,,Travel ($ Million),,,,,,,,,,,,,,,,,,,,,,,,,,,,,,,,,,,,,,,,,,,,,,,,,,,,,,,,,,,,,1578,1002,879,972,1367,1233,1073,1518,1839,2000,2289,1709,1229,752,1413,1877,2266,2408,
,Balance on Trade in Services ($ Million),,,,,,,,,,,,,,,,,,,,,,,,,,,,,,,,,,,,,,,,,,,,,-630,-958,-1250,-757,-613,-3249,-3664,-3264,-2618,-2795,-3143,-2617,-2,-1337.6,-3357,-4550,-4309,-6593,-3468,-1774.43,-2029,-3305,-1564,-2650,-2976,-3546,-4661,-6426,-4970,-3316,-2516,-5840,-1042,-3110,-2836.2,
,Balance on Trade in Goods and Services ($ Million),,,,,,,,,,,,,,,,,,,,,,,,,,,,,,,,,,,,,,,,,,,,,-3123.2,-3194,-4517,-2757,-3150,-6953,-6804,-5131,-4703,-4207,-4411,-2911,-361,-2594.6,-7807,-12871,-13881,-21427,-16007.5,-13226.43,-12456,-18957,-16919,-19240,-20243,-22692,-30659,-37329,-32582,-24425,-31150,-44890,-25861,-25287,-29639.19,
,Primary Income credit ($ Million),,,,,,,,,,,,,,,,,,,,,,,,,,,,,,,,,,,,,,,,,,,,,,,,,,,,,,,,,170,187,437,784,940,1613,874,561,716,826,488,508,644,610,696,726,578,479,508,652,652,909,999,
,Primary Income debit ($ Million),,,,,,,,,,,,,,,,,,,,,,,,,,,,,,,,,,,,,,,,,,,,,,,,,,,,,,,,,2381,2394,2823,3451,4522,5536,5281,3843,3733,4071,4157,4463,5243,5955,5710,6163,6188,5938,4908,5900,6471,9895,9836.809171,
,,Interest Payments ($ Million),,,,,,,,,,,,,,,,,,,,,,,,,,,,,,,,,,,,,,,,,,,,,,,,,,,,,,,,,,,,,2175,1915,1467,1483,1627,1217,1323,1605,1733,1993,2600,3066,3109,2176,2994,4612,5546,5051,
,Balance on Primary Income ($ Million),,,,,,,,,,,,,,,,,,,,,,,,,,,,,,,,,,,,,,,,,,,,,,,,,,,,,,,,,-2211,-2207,-2386,-2667,-3582,-3923,-4407,-3282,-3017,-3245,-3669,-3955,-4599,-5345,-5014,-5437,-5610,-5459,-4400,-5248,-5765,-8986,-8837.8,
,"Balance on Goods, Services and Primary Income ($ Million)",,,,,,,,,,,,,,,,,,,,,,,,,,,,,,,,,,,,,,,,,,,,,,,,,,,,,,,,,-2572,-4801.6,-10193,-15538,-17463,-25350,-20414.5,-16508.43,-15473,-22202,-20588,-23195,-24842,-28037,-35673,-42766,-38192,-29884,-35550,-50138,-31626,-34273,-38477,
,Secondary Income credit ($ Million),,,,,,,,,,,,,,,,,,,,,,,,,,,,,,,,,,,,,,,,,,,,,,,,,,,,,,,,,6714,6713,8768,10655,10658,11618,11256,12672,15863,17686,18183,20222,22291,23204,23604,23800,24990,25802,33027,32949,28665,32668,40906,
,,Workers' Remittances ($ Million),,,,,,,,,,,,,,,,,,,,,,,,,,136,139,215.97,339,577.74,1156.33,1397.92,1747.05,2115.93,2224.9,2885.45,2737.43,2445.92,2595.31,2278.56,2012.6,1683.56,1667.36,1626.92,1252.45,1238.51,1093.36,1317.73,1227.28,1078.05,1237.68,875.55,913.49,1021.59,2340.79,4190.73,3826.16,4152.29,4588.03,5490.97,6451,7811,8906,11201,13186,13922,15837,18721,19917,19351,19914,21740,23131,29450,31279,27333,30251,38300,
,Secondary Income debit ($ Million),,,,,,,,,,,,,,,,,,,,,,,,,,,,,,,,,,,,,,,,,,,,,,,,,,,,,,,,,72,100,109,107,73,142,102,110,176,142,91,157,264,128,201,229,232,367,297,292,314,467,591,
,Balance on secondary Income ($ Million),,,,,,,,,,,,,,,,,,,,,,,,,,,,,,,,,,,,,,,,,,,,,,,,,,,,,,,,,6642,6613,8659,10548,10585,11476,11154,12562,15687,17544,18092,20065,22027,23076,23403,23571,24758,25435,32730,32657,28315,32201,40315,
,Capital Account Balance ($ Million),,,,,,,,,,,,,,,,,,,,,,,,,,,,,,,,,,,,,,,,,,,,,,,,,,,,,,,,,1133,82,685,241,304,121,455,175,161,183,264,1857,375,273,375,376,229,285,224,205,375,195,168,
,,Capital Account credit ($ Million),,,,,,,,,,,,,,,,,,,,,,,,,,,,,,,,,,,,,,,,,,,,,,,,,,,,,,,,1133,85,693,250,309,128,460,180,161,186,266,1857,375,279,375,376,229,288,224,205,375,202,198,
,,Capital Account debit ($ Million),,,,,,,,,,,,,,,,,,,,,,,,,,,,,,,,,,,,,,,,,,,,,,,,,,,,,,,,0,3,8,9,5,7,5,5,0,3,2,0,0,6,0,0,0,3,0,0,0,7,30,
Net lending (+) / Net borrowing (-) (Current and Capital Accounts) ($ Million),,,,,,,,,,,,,,,,,,,,,,,,,,,,,,,,,,,,,,,,,,,,,,,,,,,,,,,,,,5203,1893.4,-849,-4749,-6574,-13753,-8805.5,-3771.4,375,-4475,-2232,-1273,-2440,-4688,-11895,-18819,-13205,-4164,-2596,-17276,-2900,-1877,2006,
Financial Account ($ Million),,,,,,,,,,,,,,,,,,,,,,,,,,,,,,,,,,,,,,,,,,,,,,,,,,,,,,,,,,487,1211,-563,-5473,-9972,-8131,-5632,-5097,-2101,-1280,-549,-5553,-5119,-6878,-9855,-13611,-11759,-9313,-8768,-11261,468,-5370,-1586,
,Direct investment ($ Million),,,,,,,,,,,,,,,,,,,,,,,,,,,,,,,,,,,,,,,,,,,,,,,,,,,,,,,,,-771,-906,-1459,-3450,-5026,-5335,-3695,-2075,-1591,-744,-1258,-1572,-960,-2374,-2320,-2772,-1436,-2652,-1648,-1702,-670,-2126,-2462,
,,Direct Investment Abroad ($ Million),,,,,,,,,,,,,,,,,,,,,,,,,,,,,,,,,,,,,,,,,,,,,,,,,,,,,,,,27,45,66,71,114,75,25,76,44,77,198,128,73,19,86,10,-74,-54,171,234,957,220,15,
,,Direct Investment in Pakistan ($ Million),,1,2,4,6,7,7,7,2,5,6,2,3,5,2,-1,3,37,4,50,-1,59,72,90,8,-1,-6,15,23,11,36,36,28,35,98,42,48,70,145,108,162,209,216,246,335,306,354,442,1102,682,601,472,470,323,485,798,949,1524,3521,5140,5410,3720,2151,1635,821,1456,1699,1034,2393,2407,2780,1362,2598,1821,1936,1627,2346,2477,
,Portfolio investment ($ Million),,,,,,,,,,,,,,,,,,,,,,,,,,,,,,,,,,,,,,,,,,,,,,,,,,,,,,,,,239,-314,-620,-986,-3283,-32,1073,65,-338,144,-26,-2762,-1886,429,250,-2257,1274,409,-2774,55,1012,376,719,
,,Portfolio Investment Abroad ($ Million),,,,,,,,,,,,,,,,,,,,,,,,,,,,,,,,,,,,,,,,,,,,,,,,,,,,,,,,0,-3,-11,-22,5,5,41,1,7,32,99,-23,-44,100,-1,-48,-144,-115,-12,-24,-14,-6,-10,
,,Portfolio Investment in Pakistan ($ Million),,,,,,,,,,,,,,,,,,,,,,,,,,,,,,,,,,,,,,,,,,,,,,,,,,,,,,,,-239,311,609,964,3288,37,-1032,-64,345,-112,125,2739,1842,-329,-251,2209,-1418,-524,2762,-79,-1026,-382,-729,
Financial Derivatives (other than reserves) and ESOs* ($ Million),,,,,,,,,,,,,,,,,,,,,,,,,,,,,,,,,,,,,,,,,,,,,,,,,,,,,,,,,,0,0,0,0,0,0,0,0,0,0,0,2,-2,0,0,0,0,-8,0,-1,-9,-10,-2,
,Other Investment ($ Million),,,,,,,,,,,,,,,,,,,,,,,,,,,,,,,,,,,,,,,,,,,,,,,,,,,,,,,,,1019,2431,1516,-1037,-1663,-2764,-3010,-3087,-172,-680,735,-1221,-2271,-4933,-7785,-8582,-11597,-7062,-4346,-9613,135,-3610,159,
,Net Acquisition of Financial Assets ($ Million),,,,,,,,,,,,,,,,,,,,,,,,,,,,,,,,,,,,,,,,,,,,,,,,,,,,,,,,,-434,546,1235,209,758,-32,-560,11,920,-9,314,-211,-71,96,1180,273,-67,-127,1345,2613,-964,-381,82,
,Net Incurrence of Liabilities ($ Million),,,,,,,,,,,,,,,,,,,,,,,,,,,,,,,,,,,,,,,,,,,,,,,,,,,,,,,,,-1453,-1885,-281,1246,2421,2732,2450,3098,1092,671,-421,1010,2200,5029,8965,8855,11530,6935,5691,12226,-1099,3229,-77,
,,General Government ($ Million),,,,,,,,,,,,,,,,,,,,,,,,,,,,,,,,,,,,,,,,,,,,,,,,,,,,,,,,-1419,-1792,574,769,1308,1761,1948,1961,298,998,248,1610,1400,3445,5040,4894,4294,5919,5738,6117,-2085,1565,2346,
,,Disbursements ($ Million),,,,,,,,,,,,,,,,,,,,,,,,,,,,,,,,,,,,,,,,,,,,,,,,,,,,,,,,1389,978,2163,2238,2669,3054,3690,4134,2377,2633,2530,4349,4243,6159,9414,8507,8255,13181,9808,11256,9891,6044,9544,
,,Disbursements Credit and Loans with the IMF (Other than Reserves) ($ Million),,,,,,,,,,,,,,,,,,,,,,,,,,,,,,,,,,,,,,,,,,,,,,,,,,,,,,,,0,0,0,0,0,0,0,0,0,0,0,0,0,0,0,0,0,2834,500,1053,1166,0,0,
,,Disbursements Other Long Term ($ Million),,,,,,,,,,,,,,,,,,,,,,,,,,,,,,,,,,,,,,,,,,,,,,,,,,,,,,,,1202,970,1892,2069,2444,2354,2956,3564,2377,2633,2274,3617,3088,4498,8251,6782,6610,8736,8060,7989,7382,5194,8792,
,,Disbursements Short Term ($ Million),,,,,,,,,,,,,,,,,,,,,,,,,,,,,,,,,,,,,,,,,,,,,,,,,,,,,,,,187,8,271,169,225,700,734,570,0,0,256,732,1155,1661,1163,1725,1645,1611,1248,2214,1343,850,752,
,,Amortization ($ Million),,,,,,,,,,,,,,,,,,,,,,,,,,,,,,,,,,,,,,,,,,,,,,,,,,,,,,,,2788,2744,1558,1446,1339,1272,2246,2250,1957,1577,2282,2734,2841,2714,4374,4107,5982,7299,5855,8343,11660,6727,7643,
,,Amortization Credit and Loans with the IMF (Other than Reserves) ($ Million),,,,,,,,,,,,,,,,,,,,,,,,,,,,,,,,,,,,,,,,,,,,,,,,,,,,,,,,0,0,0,0,0,0,0,0,0,0,361,900,563,53,0,0,0,0,0,0,0,792,906,
,,Amortization Other Long Term ($ Million),,,,,,,,,,,,,,,,,,,,,,,,,,,,,,,,,,,,,,,,,,,,,,,,,,,,,,,,2421,2419,1434,1059,1031,1131,1389,1360,1557,1477,1530,1834,1696,1927,2981,2619,4444,6117,5071,7811,10333,5773,6487,
,,Amortization Short Term ($ Million),,,,,,,,,,,,,,,,,,,,,,,,,,,,,,,,,,,,,,,,,,,,,,,,,,,,,,,,367,325,124,387,308,141,857,890,400,100,391,0,582,734,1393,1488,1538,1182,784,532,1327,162,250,
,,Other Liabilities (Net) ($ Million),,,,,,,,,,,,,,,,,,,,,,,,,,,,,,,,,,,,,,,,,,,,,,,,,,,,,,,,-20,-26,-31,-23,-22,-21,504,77,-122,-58,0,-5,-2,0,0,494,2021,37,1785,3204,-316,2248,445,
Net Errors and Omissions ($ Million),,,,,,,,,,,,,,,,,,,,,,,,,,,,,,,,,,,,,,,,,,,,,,,,,,,,,,,,,,523,221.6,-7,253,179,257,117.5,-59.57,16,-80,-309,-422,-33,462,94,-933,-58,150,-619,-303,-850,-631,152,
Overall Balance ($ Million),,,,,,,,,,,,,,,,,,,,,,,,,,,,,,,,,,,,,,,,,,,,,,,,,,,,,,,,,,-5239,-904,293,-977,-3577,5365,3056,-1266,-2492,3275,1992,-3858,-2646,-2652,1946,6141,1504,-5299,-5553,6318,4218,-2862,-3744,
Reserves and Related Items ($ Million),,,,,,,,,,,,,,,,,,,,,,,,,,,,,,,,,,,,,,,,,,,,,,,,,,,,,,,,,,5239,904,-293,977,3577,-5365,-3056,1266,2492,-3275,-1992,3858,2646,2652,-1946,-6141,-1504,5299,5553,-6318,-4218,2862,3744,
,Reserve Assets ($ Million),,,,,,,,,,,,,,,,,,,,,,,,,,,,,,,,,,,,,,,,,,,,,,,,,,,,,,,,,5911,422,-493,779,3557,-5538,635,4063,2225,-4430,-4530,3285,4595,4661,-1844,-6227,-1880,4554,4473,-7333,-5185,5016,5177,
,Use of Fund Credit and Loans ($ Million),,,,,,,,,,,,,,,,,,,,,,,,,,,,,,,,,,,,,,,,,,,,,,,,,,,,,,,,,52,-427,-145,-143,-120,-173,3691,2174,-267,-1155,-2538,-573,1949,2009,102,-86,-376,-745,-1080,-1015,-967,2154,1433,
,Exceptional Financing ($ Million),,,,,,,,,,,,,,,,,,,,,,,,,,,,,,,,,,,,,,,,,,,,,,,,,,,,,,,,,620,-55,-55,-55,100,0,0,623,0,0,0,0,0,0,0,0,0,0,0,0,0,0,0,
SBP Gross Reserves ($ Million),,,,,,,,,,,,,,,,,,,,,,,,,,,,,,,,,,,,,,,,,,,,,,,,,,,2055,1143,934,1740,1358,2084,4809,10727,11182,10687,11542,15070,9539,10257,13953,16614,11905,7197,10509,14836,19446,17550,11341,9301,13724,18716,11090,5669,10627,15836,
Exports (as % of GDP),,,,,,,,,,,,,,,,,,,,,,,,,,4.4,3.8,5.9,7.7,6.2,5.8,5.1,4.9,5.8,6.7,7.1,5.1,6.4,5.9,5.3,6.4,7.4,7.7,7.8,8.4,9.1,9.6,8.9,8.8,9,9.2,8.9,9.3,8.3,8.6,9.5,9.3,9.9,9.3,9.9,10.2,9.2,9.4,9.4,9.8,10.8,9.4,9.4,9.2,7.9,6.6,6,6.5,7.1,7.1,7.3,8.6,8.3,8.33556625,7.8,
Imports (as % of GDP),,,,,,,,,,,,,,,,,,,,,,,,,,6.9,3.9,5.8,10.3,12.6,10.6,10.3,10.6,12.4,13.5,13,11.6,12.6,12.1,12.6,11.8,10.8,11.1,11.8,11.7,11.2,12.8,12.9,11,11.5,12.5,12.8,10.9,10,10.4,11.1,10.5,10.9,11.8,14.2,17.7,16.6,19.8,18.6,17.6,17.5,17.9,17.4,16.6,15.3,14.2,15.6,17,17,14.8,16.2,19,15.6,14.30257247,14.3,
Trade Deficit (as % of GDP),,,,,,,,,,,,,,,,,,,,,,,,,,-2.6,-0.1,0.1,-2.5,-6.4,-4.8,-5.2,-5.6,-6.6,-6.7,-5.9,-6.5,-6.2,-6.2,-7.3,-5.3,-3.4,-3.4,-4,-3.3,-2.2,-3.2,-4.1,-2.2,-2.5,-3.3,-3.8,-1.6,-1.8,-1.8,-1.6,-1.2,-0.9,-2.5,-4.3,-7.5,-7.4,-10.3,-9.1,-7.8,-6.8,-8.5,-7.9,-7.3,-7.4,-7.6,-9.6,-10.5,-9.9,-7.7,-8.9,10.4,7.4,5.967006221,6.5,
Workers Remittances (as % of GDP),,,,,,,,,,,,,,,,,,,,,,,,,,,,1,1,1.3,1.7,2.6,4.4,4.7,5,5.1,4.6,6.8,5.8,5.2,5.4,4.6,3.5,2.8,2.8,2.4,1.7,1.6,1.4,1.5,1.3,1.2,1.3,0.9,0.9,1.1,2.4,3.7,2.9,2.9,2.8,3,3.2,4.2,4.5,4.9,5.3,5.4,5.8,6.2,6.3,5.7,5.6,6.8,7.7,8.4,8.3,8.1,8.139419453,9.4,
Current Acount balance (as % of GDP),,,,,,,,,,,,,,,,,,,,,,,,,,,,,,,,,,,,,,,,,,,,,,,,,,,-4.8,-4.1,-2.1,-2.6,-1.1,-0.5,1.4,3.6,1.4,-1.1,-3.1,-3.7,-6.9,-4.9,-2,0.1,-1.9,-1,-1.2,-0.9,-1.6,-3.6,-5.4,-4.2,-1.5,-0.8,-4.7,-1,-0.6,0.5,
Exports (RS Million),,,444,542,535,1343,922,867,641,491,742,698,434,444,763,540,543,998,1075,1140,1204,1297,1645,1700,1609,1998,3371,8551,10161,10286,11253,11294,12980,16925,23410,29280,26270,34442,37339,37979,49592,63355,78445,90183,106469,138282,171728,177028,205499,251173,294741,325313,373160,390342,443678,539070,560947,652294,709036,854088,984841,1029312,1196638,1383718,1617458,2120847,2110605,2366478,2583463,2397513,2166846,2138186,2555043,3128230,3369782,4041927,5661127.445,6859233,8674104.28,8947880.5,
Imports (RS Million),,,319,1177,912,1167,1474,1017,824,783,965,1516,1314,1025,1806,2173,2236,2800,2982,3672,2880,3626,3327,3047,3285,3602,3495,8398,13479,20925,20465,23012,27815,36388,46929,53544,59482,68151,76707,89778,90946,92431,112551,135841,148853,171114,229889,258643,258250,320892,397575,465001,436338,465964,533792,627000,634630,714372,897825,1223079,1711158,1851806,2512072,2723570,2910975,3455287,4009093,4349880,4630521,4644152,4658749,5539721,6694897,7443253,7029819,8982441,14273394,13472988,15482119.69,16306752.75,
Balance (RS Million),,,125,-635,-377,176,-552,-150,-183,-292,-223,-818,-880,-581,-1043,-1633,-1693,-1802,-1907,-2532,-1676,-2329,-1682,-1347,-1676,-1604,-124,153,-3318,-10639,-9212,-11718,-14835,-19463,-23519,-24264,-33212,-33709,-39368,-51799,-41354,-29076,-34106,-45658,-42384,-32832,-58161,-81615,-52751,-69719,-102834,-139688,-63178,-75622,-90114,-87930,-73683,-62078,-188789,-368991,-726317,-822494,-1315434,-1339852,-1293517,-1334440,-1898488,-1983402,-2047058,-2246639,-2491903,-3401535,-4139854,-4315023,-3660037,-4940514,-8612266.552,-6613755,-6808015.406,-7358872.247,
Exports (Growth Rate (%)),,,,22.07,-1.29,151.03,-31.35,-5.97,-26.07,-23.4,51.12,-5.93,-37.82,2.3,71.85,-29.23,0.56,83.79,7.72,6.05,5.61,7.72,26.83,3.34,-5.35,24.18,68.72,153.66,18.83,1.23,9.4,0.36,14.93,30.39,38.32,25.07,-10.28,31.11,8.41,1.71,30.58,27.75,23.82,14.96,18.06,29.88,24.19,3.09,16.08,22.23,17.35,10.37,14.71,4.6,13.66,21.5,4.06,16.28,8.7,20.46,15.31,4.52,16.26,15.63,16.89,31.12,-0.48,12.12,9.17,-7.2,-9.62,-1.32,19.5,22.43,7.72,19.95,40.06,21.16,26.46,3.16,
Imports (Growth Rate (%)),,,,268.97,-22.51,27.96,26.31,-31,-18.98,-4.98,23.24,57.1,-13.32,-21.99,76.2,20.32,2.9,25.22,6.5,23.14,-21.57,25.9,-8.25,-8.42,7.81,9.65,-2.97,140.29,60.5,55.24,-2.2,12.45,20.87,30.82,28.97,14.1,11.09,14.57,12.55,17.04,1.3,1.63,21.77,20.69,9.58,14.96,34.35,12.51,-0.15,24.26,23.9,16.96,-6.16,6.79,14.56,17.46,1.22,12.57,25.68,36.23,39.91,8.22,35.66,8.42,6.88,18.7,16.03,8.5,6.45,0.29,0.31,18.91,20.85,11.18,-5.55,27.78,58.9,-5.61,14.91,5.33,
Balance (Growth Rate (%)),,,,-608,-40.63,-146.68,-413.64,-72.83,22,59.56,-23.63,266.82,7.58,-33.98,79.52,56.57,3.67,6.44,5.83,32.77,-33.81,38.96,-27.78,-19.92,24.42,-4.3,-92.27,-223.39,-2268.63,220.64,-13.41,27.2,26.6,31.2,20.84,3.17,36.88,1.5,16.79,31.58,-20.16,-29.69,17.3,33.87,-7.17,-22.54,77.15,40.33,-35.37,32.17,47.5,35.84,-54.77,19.7,19.16,-2.42,-16.2,-15.75,204.12,95.45,96.84,13.24,59.93,1.86,-3.46,3.16,42.27,4.47,3.21,9.75,10.92,36.5,21.71,4.23,-15.18,34.99,74.32,-23.21,2.94,8.09,
Exports ($ Million),,,,163.9,161.7,405.6,606.3,441.8,379.6,258.7,373.5,337.7,298.7,278.4,387.2,378,387.3,472.1,483,505.8,570.9,611.9,656.4,680.6,687.3,682.7,638.5,804.4,1026.4,1039,1136.7,1141,1311,1710,2365,2958,2489,2711,2769,2504,3073,3688,4457,4693,4965,6167,6904,6813,6803,8137,8707,8320,8628,7779,8569,9202,9135,11160,12313,14391,16451,16976,19052,17688,19290,24810,23624,24460,25110,23667,20787,20422,23212,22958,21394,25304,31782.09,27724,30980,32343,
Imports ($ Million),,,,355.5,275.6,352.6,593,282.8,222.1,205,208,334.6,430.7,331.6,517,669.7,653.2,802.3,930.7,1129,884.1,1090.8,977.9,1028.7,1071,1087.7,662,790.1,1361.5,2113.6,2067.2,2325,2810,3676,4740,5409,5636,5364,5689,5919,5635,5380,6395,7069,6941,7631,9252,9941,8564,10394,11805,11894,10118,9432,10309,10729,10340,12220,15592,20598,28581,30540,39966,34822,34710,40414,44912,44950,45073,45826,44685,52910,60795,54763,44553,56380,80136.35,55198,53157,59146,
Balance ($ Million),,,,-192,-114,53,13,159,158,54,166,3,-132,-53,-130,-292,-266,-330,-448,-623,-313,-479,-322,-348,-384,-405,-24,14,-335,-1075,-931,-1184,-1499,-1966,-2376,-2451,-3147,-2653,-2920,-3415,-2562,-1693,-1938,-2376,-1976,-1464,-2348,-3128,-1761,-2257,-3098,-3574,-1490,-1653,-1740,-1527,-1205,-1060,-3279,-6207,-12130,-13564,-20914,-17134,-15420,-15604,-21288,-20490,-19963,-22159,-23898,-32488,-37583,-31805,-23159,-31076,-48354,-27474,-22177,-26803,
Exports in $ (Growth Rate (%)),,,,,-1.34,150.83,49.48,-27.13,-14.08,-31.85,44.38,-9.59,-11.55,-6.8,39.08,-2.38,2.46,21.9,2.31,4.72,12.87,7.18,7.27,3.69,0.98,-0.67,-6.47,25.98,27.6,1.23,9.4,0.36,14.93,30.39,38.32,25.07,-15.83,8.89,2.16,-9.57,22.71,20.01,20.86,5.29,5.78,24.22,11.95,-1.32,-0.15,19.61,7.01,-4.44,3.7,-9.84,10.16,7.39,-0.73,22.17,10.33,16.88,14.31,3.19,12.23,-7.16,9.06,28.62,-4.78,3.54,2.66,-5.75,-12.17,-1.76,13.66,-1.09,-6.81,18.28,25.6,-12.77,11.1,4.4,
Imports in $ (Growth Rate (%)),,,,,-22.48,27.94,68.18,-52.31,-21.46,-7.7,1.46,60.87,28.72,-23.01,55.91,29.54,-2.46,22.83,16,21.31,-21.69,23.38,-10.35,5.19,4.11,1.56,-39.14,19.35,72.32,55.24,-2.2,12.45,20.87,30.82,28.97,14.1,4.21,-4.84,6.06,4.05,-4.8,-4.52,18.86,10.54,-1.81,9.94,21.24,7.45,-13.85,21.37,13.58,0.75,-14.93,-6.78,9.3,4.07,-3.63,18.18,27.59,32.11,38.76,6.85,30.86,-12.87,-0.32,16.43,11.13,0.08,0.27,1.67,-2.49,18.41,14.9,-9.92,-18.64,26.55,42.14,-31.12,0.9,11.3,
Balance in $ (Growth Rate (%)),,,,,-40.55,-146.53,-74.91,1095.49,-0.94,-65.9,208.19,-98.13,-4358.06,-59.7,143.98,124.73,-8.84,24.18,35.58,39.2,-49.74,52.91,-32.87,8.27,10.23,5.55,-94.2,-160.85,-2443.36,220.68,-13.41,27.21,26.59,31.2,20.83,3.17,28.4,-15.7,10.05,16.97,-24.97,-33.95,14.51,22.61,-16.83,-25.92,60.36,33.22,-43.7,28.17,37.26,15.36,-58.31,10.94,5.26,-12.24,-21.09,-12.03,209.34,89.3,95.42,11.82,54.19,-18.07,-10,1.19,36.43,-3.75,-2.57,11,7.85,35.94,15.68,-15.37,-27.18,34.19,55.6,-43.18,-10.6,20.6,
UNIT VALUE INDICES AND TERMS OF TRADE (T.O.T) (1990-91 = 100),,,,,,,,,,,,,,,,,,,,,,,,,,,,,,,,,,,,,,,,,,,,,,,,,,,,,,,,,,,,,,,,,,,,,,,,,,,,,,,,,
,"All Groups, Exports",,,,,,,,,,112.43,121.33,140.3,118.57,122.5,127.31,129.24,129.56,125.37,127.75,108.9,105.9,108.6,107.6,106.1,106.86,128.05,272.64,438.96,409.72,410.8,117.26,123.6,153.9,166.31,176.07,98.4,106.16,118.77,124.32,118.71,132.05,163.89,167.99,192.93,197.05,119.92,123.54,142.93,168.61,185.36,204.85,245.62,258.4,253.77,271.47,271.18,254.02,279.65,288.84,299.31,310.03,350.4,450.4,478.07,593.19,679.44,715.45,752.86,759.21,705.02,701.43,735.5,794.77,841.44,903.14,1217.87,1438.17,1815.77,1877.25,
,"All Groups, Imports",,,,,,,,,,139.57,175.12,186.54,168.08,166.83,172.61,168.91,168.61,168.14,140.14,113,117,115.2,114.5,122.2,119.7,155.88,285.19,412.56,614.45,582.64,107.67,117.37,121.97,149.28,181.52,110.78,119.38,125.18,133.01,132.21,136.89,170.15,187.54,215,252.79,131.89,133.49,141.16,164.22,185.48,201.71,198.87,223.32,259.03,298.44,298.56,309.52,355.43,392.45,460.38,495.33,632.3,790.82,839.6,1013.1,1233.49,1329.56,1387.15,1394.74,1215.8,1199.54,1261.25,1342.3,1369.71,1450.51,1982.41,1943.99,2213.76,2339.01,
,"All Groups, T.O.T.",,,,,,,,,,80.55,69.28,75.21,70.54,73.43,73.76,76.51,76.84,74.56,91.16,96.37,90.51,94.27,93.97,86.82,89.27,82.15,95.6,106.4,66.68,70.51,108.91,105.31,126.18,111.41,97,88.82,88.93,94.88,93.47,89.79,96.46,96.32,89.58,89.73,77.95,90.92,92.55,101.25,102.67,99.94,101.56,123.51,115.71,97.97,90.96,90.83,82.07,78.68,73.6,65.01,62.59,55.42,56.95,56.94,58.55,55.08,53.81,54.27,54.43,57.99,58.47,58.32,59.21,61.43,62.26,61.43,73.98,82.02,80.26,
,"Food & Live Animals, Exports",,,,,,,,,,88.9,87.58,225.96,180.06,149.28,176.61,200.1,223.39,215.24,177.65,125.6,140.3,179.1,185.9,159.9,97.75,127.05,257.97,343.97,469.76,422.41,106.52,122.71,188.71,187.88,197.4,102.91,104.18,103.95,114.59,117.65,131.3,148.01,160.22,174.38,145.92,106.61,118.3,127.47,137.17,159.21,180.63,203.2,221.84,234.95,249.32,260.55,258.11,267.55,303.93,327.47,350.75,496.58,758.42,693.35,747.72,800.09,884.48,954.07,1057.47,944.46,923.6,1134.29,1229.51,1280.54,1355.88,1534.262,1734.23,2236.12,2207.97,
,"Food & Live Animals, Imports",,,,,,,,,,154.55,203.03,199.75,206.01,199.2,215.7,279.3,147.23,204.6,150.27,102.4,103.9,96.7,95.2,110.7,127.43,162.58,293.2,354.27,444.91,432.15,97.38,116.81,113.84,120.54,131.2,104.51,109.49,139.31,165.74,143.79,136.91,128.44,143.75,183.26,182.59,111.66,115.32,127.25,152.02,181.19,191.78,217.54,225.64,248.38,278.82,277.41,259.76,282.18,314.36,323.95,431.2,551.25,622.23,689.76,743.82,791.79,802.28,838.74,891.28,839.11,829.56,943.23,908.93,1172.18,1179.43,1411.26,1439.01,1696.38,2027.81,
,"Food & Live Animals, T.O.T.",,,,,,,,,,57.52,43.14,113.12,87.4,74.94,81.88,71.64,151.73,105.2,118.22,122.66,135.03,185.21,195.27,144.44,76.71,78.15,87.98,97.09,105.59,97.75,109.39,105.05,165.77,155.87,150.46,98.47,95.15,74.62,69.14,81.82,95.9,115.24,111.46,95.15,79.92,95.48,102.58,100.17,90.23,87.87,94.19,93.41,98.32,94.59,89.42,93.92,99.36,94.82,96.68,101.09,81.34,90.08,121.89,100.52,100.52,101.05,110.25,113.75,118.65,112.55,111.34,120.26,135.27,109.24,114.96,108.72,120.52,131.82,108.88,
,"Beverages & Tobacco, Exports",,,,,,,,,,,,,,,,,,,,,,,,,91.68,90.28,123.54,216.04,171.95,185.33,110.2,128.24,148.55,155.33,127.74,110.91,127.55,151.82,163.21,175.69,163.69,174.99,156.64,300.99,252.54,122.06,150.13,138.85,155.04,128.51,141.1,143.35,106.3,143.34,171.44,169.82,146.52,175.33,162.96,191.13,208.44,202.67,431.15,629.08,804.61,935.29,1052.54,1127.89,1148.8,1217.42,1225.01,1061.25,860.48,830.28,776.77,1114.17,1276.94,1215.53,1378.08,
,"Beverages & Tobacco, Imports",,,,,,,,,,,,,,,,,,,,,,,,,111.23,202.02,289.09,240.83,481.29,730.09,115.22,119.66,134.55,155.96,172.43,107.02,98.92,109.12,106.81,109.57,127.37,127.34,149.92,170.08,156.01,119.04,158.71,232.3,280.4,357.5,381.24,399.6,561.35,532.21,698.92,790.14,598,521.88,561.23,621.67,675.14,635.41,884.26,961.43,1060.35,1230.1,1339.47,1446.2,1620.65,1700.77,1762.07,1656.22,1325.61,1287.99,1488.28,1414.25,1488.78,1734.21,1995.2,
,"Beverages & Tobacco, T.O.T.",,,,,,,,,,,,,,,,,,,,,,,,,82.42,44.69,42.73,89.71,35.73,25.38,95.64,107.17,110.41,99.6,74.08,103.63,128.94,139.13,152.8,160.34,128.52,137.42,104.48,176.97,161.87,102.54,94.59,59.77,55.29,35.95,37.01,35.87,18.94,26.93,24.53,21.49,24.5,33.6,29.04,30.74,30.87,31.02,48.76,65.43,75.88,76.03,78.58,77.99,70.89,71.58,69.52,64.08,64.91,64.46,52.19,78.78,85.77,70.09,69.07,
,"Crude Materials (Inedible except fuels), Exports",,,,,,,,,,117.57,129.37,119.44,103.31,115.05,115.42,111.82,107.64,103.76,116.01,105.9,99.4,93.5,88.7,91.5,108.03,138.22,238.09,398.07,360.47,370.05,137.91,125.5,134.36,154.99,182.32,90.42,95.5,115.56,113,86.89,81.73,140.71,130.07,182.65,200.28,94.36,84.74,97.62,145.78,167.34,181.16,186.45,214.68,169.85,192.12,158.9,171.58,218.86,195.64,209.97,225.52,328.53,494.08,573.05,647.55,848.74,958.74,1009.57,999.87,920.79,888.69,1043.3,1119.52,1327.78,1210.79,1406.952,1563.57,1762.41,1824.29,
,"Crude Materials (Inedible except fuels), Imports",,,,,,,,,,171.83,177.03,198.72,157.33,176.15,172.93,156.3,177.62,141.83,145.22,115.9,110.2,97.5,111.3,96.6,102.67,141.48,263.08,338.86,394.58,390.29,102.9,106.95,117.02,127.02,151.96,101.41,104.29,105.69,119.73,116.07,121.81,132.6,164.74,180.29,186.22,113.53,113.42,158.62,138.96,175.15,193.03,186.22,198.56,198.06,218.95,228.14,232.37,245.01,293.06,329.71,350.19,445.35,613.16,677.43,803.59,881,995.65,1046.35,1048.08,1031.47,1019.86,1020.56,1102.13,1228.58,1284.58,1691.15,1598.32,1765.13,1976.72,
,"Crude Materials (Inedible except fuels), T.O.T.",,,,,,,,,,68.42,73.08,60.1,65.66,65.31,66.74,71.54,60.6,73.16,79.89,91.37,90.2,95.9,79.69,94.72,105.22,97.7,90.5,117.47,91.36,94.81,134.02,117.34,114.82,122.02,119.98,89.16,91.57,109.34,94.38,74.86,67.1,106.12,78.95,101.31,107.55,83.11,74.71,61.54,104.91,95.54,93.85,100.12,108.12,85.76,87.75,69.65,73.84,89.33,66.76,63.68,64.4,73.77,80.58,84.59,80.58,96.34,96.29,96.48,95.4,89.27,87.14,102.23,101.58,108.07,94.26,83.19,97.83,99.85,92.29,
,"Minerals, Fuels & Lubricants, Exports",,,,,,,,,,,,,,,,,,,,,,,,,106.78,116.24,240.04,659.62,1254.59,1253.6,113.24,118.08,129.83,251.08,282.78,95.34,117.14,115.67,117.22,98.46,70.01,76.37,77.74,89.33,162.04,96.61,117.05,124.6,132.03,133.15,200.53,176.62,166.47,283.63,373.65,314.4,365.14,416.09,525.75,644.33,733.54,979.83,840.28,1115.54,1333.56,1500.63,1615.08,1682.81,1713.2,1092.25,1126.22,1485.92,2016.59,1894.55,1624.56,2675.192,2837.53,2896.42,2813.25,
,"Minerals, Fuels & Lubricants, Imports",,,,,,,,,,137.01,188.09,229.44,180.11,171.6,176.73,156.66,167.56,173.18,168.44,137.4,153.8,136.9,129.8,173.3,114.49,130.23,339.65,696.17,1485.14,1587.74,107.71,114.64,118.97,178.78,271.81,109.62,125.5,114.75,126.08,111.38,78.86,95.01,87.42,109.43,158.4,86.81,86.94,85.59,95.63,110.7,134.14,121.46,108.55,206.3,276.87,249.66,297.2,306.38,389.16,615,632.08,877.47,982.09,975.4,1255.86,1651.93,1720.77,1757.91,1511.85,919.48,811.76,1030.32,1564.46,1411,1259.52,2353.3,2424.41,2867.82,2645.26,
,"Minerals, Fuels & Lubricants, T.O.T.",,,,,,,,,,,,,,,,,,,,,,,,,93.27,89.26,70.67,94.75,84.48,78.95,105.13,103,109.13,140.44,104.04,86.97,93.34,100.8,92.97,88.4,88.78,80.38,88.93,81.63,102.3,111.29,134.63,145.58,138.06,120.28,149.49,145.41,153.36,137.48,134.96,125.93,122.86,135.81,135.1,104.77,116.05,111.67,85.56,114.37,106.19,90.84,93.86,95.73,113.32,118.79,138.74,144.22,128.9,134.27,128.98,113.68,117.04,101,106.35,
,"Animal & Vegetable, Oil, Fats & Waxes - Exports",,,,,,,,,,,,,,,,,,,,,,,,,,,,,,,,,,,,,,,,,,,,,,,,,,,,,,,,,,,,,,,,,,,,,,,,,,,,,,,,
,"Animal & Vegetable, Oil, Fats & Waxes - Imports",,,,,,,,,,119.72,136.12,155.55,127.45,128.59,130.36,142.56,134.06,128.02,158.19,132.3,131.9,108.2,96.3,95.9,113.62,140.63,306.22,401.27,538.59,405.92,109.75,128.73,145.47,148.33,129.43,96.17,98.67,150.18,185.14,139.95,100.77,131.3,171.99,160.05,179.23,108.9,132.95,152.44,233.27,267.05,242.61,303.07,326.86,229.68,195.1,224.82,300.36,347.94,358.48,341.4,406,647.28,793.22,881.02,1005.72,1240.29,1103.29,1054.13,1037.83,1011.65,1090.65,1010.73,995.35,1133.53,1451.5,2245.99,2259.9,2475.53,2592.16,
,"Animal & Vegetable, Oil, Fats & Waxes - T.O.T.",,,,,,,,,,,,,,,,,,,,,,,,,,,,,,,,,,,,,,,,,,,,,,,,,,,,,,,,,,,,,,,,,,,,,,,,,,,,,,,,
,"Chemicals, Exports",,,,,,,,,,,,,,,,,,,,,,,,,121.81,146.22,192.13,266.79,405.91,353.11,144.45,104.92,149.83,163.99,182.65,111.03,107.02,103.96,108.05,116.47,133.28,155.88,190.8,216.27,247.88,113.94,118.9,125.65,206.64,221.42,219.09,257.86,263.37,276.51,282.36,281.54,270.05,265.61,277.23,312.89,362.5,397.29,480.24,534.75,620.91,739.66,876.11,939.5,935.18,1000.41,1017.19,1054.28,1129.18,1252.79,1256.13,1212,1276.68,1423.1,1342,
,"Chemicals, Imports",,,,,,,,,,118.2,130.21,147.7,133.17,119.26,130.02,144.67,137.05,142.24,128.23,104.3,118.1,110.1,147,164,102.12,100.57,183.34,256.88,436.3,405.37,106.59,107.37,109.44,150.99,155.1,108.92,112.25,123.08,124.84,138.24,137.76,184.1,226.67,219.41,244.44,116.51,116.72,128.32,154.31,187.06,193.88,185.97,196.2,208.54,228.06,239.29,245.6,313.15,334.1,372.17,392.87,471.77,659.24,725.54,796.89,897.56,994.5,1098.6,1256.5,1193.67,1277.08,1264.05,1335.1,1455.62,1426.78,1731.89,1658.35,1865.7,2070.4,
,"Chemicals, T.O.T.",,,,,,,,,,,,,,,,,,,,,,,,,119.28,145.39,104.79,103.86,93.03,87.11,135.52,97.72,136.91,108.61,117.76,101.94,95.34,84.47,86.55,84.25,96.75,84.67,84.18,98.57,101.41,97.79,101.87,97.92,133.91,118.37,113,138.66,134.23,132.59,123.81,117.66,109.96,84.82,82.98,84.07,92.27,84.21,72.85,73.7,77.92,82.41,88.1,85.52,74.43,83.81,79.65,83.4,84.58,86.07,88.04,69.98,76.99,76.3,64.8,
,"Manufactured Goods, Exports",,,,,,,,,,138.69,129.09,129.95,128.01,125.82,127.88,136.64,103.12,110.21,119.86,105.5,99.5,98.4,99.6,103.4,108.71,124.73,296.03,465.82,383.35,474.83,119.71,122.96,139.99,154.99,158.33,110.15,110.67,130.82,134.53,131.52,156.84,184.39,192.05,209,223.13,126.36,131.48,153.43,186.63,199.88,210.74,267.89,275.59,266.96,279.04,281.83,248.93,274.02,284.72,289.58,300.76,318.97,387.9,411,559.56,641.15,689.62,698.49,667.05,607.38,595.81,580.96,616.9,647.03,669.74,1056.33,1346.41,1740.9,1829.7,
,"Manufactured Goods, Imports",,,,,,,,,,144.83,185.95,227.55,182.69,189.75,184.94,179.06,196.73,173.6,148.64,112.2,113.3,119.3,112.4,127.6,127.57,164.76,271.23,353.95,505.26,437.8,97.47,103.87,116.37,137.28,147.23,115.21,122.18,122.23,126.51,156.07,169.09,210.35,208.39,275.88,309.16,124.63,132.02,146.47,161.17,198.76,203.43,220.74,226.26,224.61,251.5,244.97,240.82,287.8,301,340.71,375.06,427.6,559.24,612.77,747.32,823.33,887.02,899.66,1026.39,920.53,927.03,939.97,1110.15,1289.64,1333.21,1571.324,1602.43,1898.7,2294,
,"Manufactured Goods, T.O.T.",,,,,,,,,,95.76,69.42,57.11,70.07,66.31,69.15,76.31,52.42,63.49,80.64,94.03,87.82,82.48,88.61,81.03,85.22,75.7,109.14,131.61,75.87,108.46,122.82,118.38,120.3,112.9,107.54,95.61,90.58,107.03,106.34,84.27,92.76,87.66,92.16,75.76,72.17,101.39,99.59,104.75,115.8,100.56,103.59,121.36,121.8,118.86,110.95,115.05,103.37,95.21,94.59,84.99,80.19,74.6,69.36,67.07,74.88,77.87,77.75,77.64,64.99,65.98,64.27,61.81,55.57,50.17,50.24,67.23,84.02,91.7,79.8,
,"Machinery , Transport & Equipment, Exports",,,,,,,,,,,,,,,,,,,,,,,,,92.66,107.08,197.29,213.85,286.12,313,152.1,131.34,221.66,199.74,267.98,126.21,108.66,100.65,97.85,114.06,118.09,83.83,160.56,187.31,183.63,138.56,149.78,139.75,160.05,227.85,187.95,227.85,291.07,396.34,453.2,,,,,414.01,430.91,518.62,806.33,988.72,1286.13,1517.96,1603.48,1650.17,1789.37,1873.58,1741.77,1838.42,1466.32,1129.99,1393.65,2215.542,2292.64,1901.9,1792.3,
,"Machinery , Transport & Equipment, Imports",,,,,,,,,,135.14,167.08,148.33,155.31,150.63,160.91,151.21,157.09,163.13,120.69,113.1,115.1,120.2,113.8,101.5,131.35,195.36,374.34,506.64,545.25,485.83,137.89,155.24,145.44,159.62,192.64,127.73,130.36,147.57,128.33,155.51,288.63,394.35,463.23,507.82,583.35,224,220.97,215.17,244.86,245.52,268,250.35,355.79,417.87,470.2,579.13,572.31,396.09,342.97,538.14,580.85,639.86,897.86,965.15,1183.62,1407.29,1738.91,1866.32,1985.27,1913.99,1872.19,1913.85,1458.64,1387.32,1895.14,2109.524,1912.05,2093.5,2327.8,
,"Machinery , Transport & Equipment, T.O.T.",,,,,,,,,,,,,,,,,,,,,,,,,70.54,54.81,52.7,42.21,52.48,64.43,110.31,84.6,152.41,125.13,139.11,98.81,83.35,68.2,76.25,73.35,40.91,21.26,34.66,36.89,31.48,61.86,67.78,64.95,65.36,92.74,70.13,91.01,81.81,94.85,96.38,481.18,450.67,537.55,561.15,76.93,74.19,81.05,89.81,102.44,108.66,107.86,92.21,88.42,90.13,97.89,93.03,96.06,100.53,81.45,73.54,105.03,119.9,90.8,77,
,"Miscellaneous Manufactured Articles, Exports",,,,,,,,,,114.32,124.3,144.16,116.89,158.49,117.81,123.61,107.22,141.69,113.62,,,,,,111.95,155.97,328.09,501.5,480.75,557.88,112.79,128.55,134.41,152.44,168.24,98.2,115.36,116,142.44,152.7,173.28,109.91,215.4,238.53,265.09,115.46,125.64,148.06,147.66,174.29,213.59,246.64,259.8,263.04,292.47,,,,,342.71,340.99,351.77,442.64,498.4,558.25,650.31,657.15,700.75,728.76,774.38,786.63,820.87,887.27,982.56,1185.14,1371.75,1459.74,1775.3,1803.2,
,"Miscellaneous Manufactured Articles, Imports",,,,,,,,,,98.03,110.65,96.44,112.13,124.22,284.41,133.65,158.88,166.71,241.45,119.3,109.7,116.1,103.9,85,169.64,393.7,409.14,621.87,931.09,1090.59,120.55,117.13,114.02,181.13,198.6,107.62,118.64,120.71,120.15,139.52,194.3,199.41,297.71,281.1,356.27,152.83,159.45,193.45,203.86,210.15,224.52,230.03,240.08,278.99,323.02,298.4,294.67,318.55,324.17,414.94,418.65,605.24,763.29,964.44,1174.99,1274.46,1342.66,1458.63,1854.42,2376.63,2494.45,2652.61,2186.14,2019.53,1989.64,2127.27,1717.37,1836.6,2186.6,
,"Miscellaneous Manufactured Articles, T.O.T.",,,,,,,,,,116.62,112.34,149.48,104.25,127.59,41.42,92.49,67.48,84.99,47.06,0,0,0,0,0,65.99,39.62,80.19,80.64,51.63,51.15,93.56,109.75,117.88,84.16,84.71,91.25,97.24,96.1,118.55,109.45,89.18,55.12,72.35,84.86,74.41,75.55,78.8,76.54,72.43,82.94,95.13,107.22,108.21,94.28,90.54,320.35,299.6,333.22,343.13,,,,,,,,,,,,,,,,,,,96.7,82.5,
Economic Classification of Exports,,,,,,,,,,,,,,,,,,,,,,,,,,,,,,,,,,,,,,,,,,,,,,,,,,,,,,,,,93.15,98.35,95.6,94.47,,,,,,,,,,,,,,,,,,,,,
,"Primary commodities, Value(Rs Million)",,,,,,,,,,,,,,,,,,,,,,,,532,650,1510,2366,4007,4932,4902,4622,4634,5474,9838,12824,9112,10326,10789,10981,17139,16796,22163,29567,21641,25820,32645,26133,21321,28113,47852,36452,47357,45143,53833,67783,60346,71194,70716,92018,112268,113954,171670,224873,287491,377536,362404,364127,420496,402750,356584,331040,454351,567876,629112,629971,907361,1095333,1899203.2,1638592.648,
,"Primary commodities, Percentage Share",,,,,,,,,,,,,,,,,,,,,,,,33,33,45,39,39,48,44,41,36,32,42,44,35,30,29,29,35,26,28,33,20,19,19,15,10,11,16,11,13,12,12,13,11,11,10,11,11.4,11.07,14.35,16.25,17.77,17.8,17,15.39,16,16.8,16,15.48,17.78,18.15,18.67,15.59,16,16,21.9,18,
,"Semi-Manufactured, Value(Rs Million)",,,,,,,,,,,,,,,,,,,,,,,,375,472,914,2583,2294,1308,2068,1888,1912,3489,3519,3320,3507,4618,5172,6664,7892,13214,15268,16937,25167,33799,36731,36507,48748,62624,63802,66889,64683,70288,68208,81288,80438,71323,83361,86483,106029,121930,127090,130693,170609,274500,261831,391151,369066,352074,254329,246319,307567,307322,283213,284605,375011,453133,545809.6,552047.1519,
,"Semi-Manufactured, Percentage Share",,,,,,,,,,,,,,,,,,,,,,,,23,24,27,30,23,13,18,17,15,21,15,11,13,13,14,17,16,21,20,19,24,24,21,21,24,25,22,21,17,18,15,15,14,11,12,10,10.77,11.85,10.62,10,10,12.94,12,16.53,14,14.68,12,11.52,12.04,9.82,8.4,7.04,7,7,6.3,6,
,"Manufactured Goods, Value(Rs Million)",,,,,,,,,,,,,,,,,,,,,,,,702,876,947,2602,3860,4047,4283,4783,6435,7963,10053,13136,13651,19498,21378,20334,24561,33345,41012,43679,59661,78663,102352,114388,135430,160436,183087,221972,261120,274911,321637,389999,420163,509777,554959,675586,766543,793428,897877,1028151,1159358,1468811,1486370,1611199,1793901,1642689,1555933,1560826,1793125,2253032,2457457,3127350,4378756,5310693,6229091.5,6757240.7,
,"Manufactured Goods, Percentage Share",,,,,,,,,,,,,,,,,,,,,,,,44,44,28,30,38,39,38,42,50,47,43,45,52,57,57,54,50,53,52,48,56,57,60,64,66,64,62,68,70,70,73,72,75,78,78,79,77.83,77.08,75.03,74.3,71.68,69.26,71,68.08,70,68,72,73,70.18,72.02,72.93,77.37,77,77,71.8,76,
,Total Value (Rs Million),,,,,,,,,,,,,,,,,,,,,,,,1609,1998,3371,8551,10161,10287,11253,11293,12981,16926,23410,29280,26270,34442,37339,37979,49592,63355,78443,90183,106469,138282,171728,177028,205499,251173,294741,325313,373160,390342,443678,539070,560947,652294,709036,854088,984841,1029312,1196638,1383718,1617458,2120847,2110605,2366478,2583463,2397513,2166846,2138186,2555043,3128230,3369782,4041927,5661127,6859233,8674104.3,8947880.5,
Economic Classification of Imports,,,,,,,,,,,,,,,,,,,,,,,,,,,,,,,,,,,,,,,,,,,,,,,,,,,,,,,,,,,,,,,,,,,,,,,,,,,,,,,,,
,"Capital Goods, Value(Rs Million)",,,,,,,,,,,,,,,,,,,,,,,,1655,1885,1482,2499,3975,6152,7158,8750,9316,10970,16679,14882,17504,21135,24419,28968,33195,33841,40350,49498,48420,56303,96453,108993,97301,112305,140405,169774,139618,146450,140045,157091,176702,220942,316082,441528,631644,670539,731017,790327,812016,829005,911561,1049775,1081329,1233341,1482878,1887928,2084584,2062358,2016700,2497994,1936014,1374671,1959633.4,2431083.876,
,"Capital Goods, Percentage Share",,,,,,,,,,,,,,,,,,,,,,,,50,52,42,30,29,29,35,38,33,30,36,28,29,31,32,32,36,37,36,36,33,33,42,42,38,35,35,37,32,31,26,25,28,31,35,36,36.91,36.21,29.1,29.02,27.89,23.99,22.74,24.13,23.35,26.56,31,34.08,31.14,27.71,28.69,27.81,14,10,12.7,15,
,"Industrial Raw Material for Capital Goods, Value(Rs Million)",,,,,,,,,,,,,,,,,,,,,,,,344,382,367,830,904,1802,1261,1463,1921,2160,2916,4055,4861,4040,4525,4859,4966,6150,8021,9929,10439,11621,15167,14304,15692,16754,22541,22259,23344,25646,30712,34371,39038,41216,57310,101719,124480,134519,202538,246600,209051,239525,262212,293733,306810,388167,417210,470891,660986,747761,757355,980837,2394057,2037551,2297780.7,2531891.376,
,"Industrial Raw Material for Capital Goods, Percentage Share",,,,,,,,,,,,,,,,,,,,,,,,10,11,11,10,7,9,6,6,7,6,6,8,8,6,6,5,5,7,7,7,7,7,7,6,6,5,6,5,5,6,6,6,6,6,7,8,7.27,7.26,8.06,9.05,7.18,6.93,6.54,6.75,6.63,8.36,9,8.5,9.87,10.05,10.77,10.92,17,15,14.8,16,
,"Industrial Raw Material for Consumer Goods, Value(Rs Million)",,,,,,,,,,,,,,,,,,,,,,,,957,950,851,2584,5386,8257,7709,9148,11023,15416,19834,26832,28710,33383,37017,41579,36353,36227,48153,53055,61562,76290,88791,99290,110291,148419,180539,202379,195528,220563,287801,345770,346865,380035,441586,557226,769336,864736,1322329,1337986,1509081,1826243,2292309,2353818,2462189,2214664,1887884,2199168,2878788,3301354,2978352,3844593,6258549,7260854,7924774.4,8228767.725,
,"Industrial Raw Material for Consumer Goods, Percentage Share",,,,,,,,,,,,,,,,,,,,,,,,29,26,24,31,40,39,38,40,40,42,42,50,48,49,48,46,40,39,43,39,41,44,38,38,43,46,45,43,45,47,54,55,55,53,49,46,44.96,46.7,52.64,49.13,51.84,52.85,57.18,54.11,53.17,47.69,41,39.7,43,44.35,42.37,42.8,44,54,51.2,50,
,"Consumer Goods, Value(Rs Million)",,,,,,,,,,,,,,,,,,,,,,,,329,385,795,2485,3214,4714,4337,3651,5555,7842,7500,7775,8407,9593,10746,14372,16432,16213,16027,23359,28432,26900,29478,36056,34966,43414,54090,70589,77848,73305,75234,89768,72025,72179,82847,122607,185698,182011,256187,348657,380827,560512,543011,652553,780192,807980,870977,981733,1070539,1331780,1277412,1659015,3684774,2799912,3299931.2,3115009.77,
,"Consumer Goods, Percentage Share",,,,,,,,,,,,,,,,,,,,,,,,10,11,23,30,24,23,21,16,20,22,16,15,14,14,14,16,18,18,14,17,19,16,13,14,13,14,14,15,18,16,14,14,11,10,9,10,10.85,9.83,10.2,12.8,13.08,16.22,13.54,15,16.85,17.4,19,17.72,15.99,17.89,18.17,18.47,26,21,21.3,19,
,Total Value (Rs Million),,,,,,,,,,,,,,,,,,,,,,,,3285,3602,3495,8398,13479,20925,20465,23012,27815,36388,46929,53544,59482,68151,76707,89778,90946,92431,112551,135841,148853,171114,229889,258643,258250,320892,397575,465001,436338,465964,533792,627000,634630,714372,897825,1223079,1711158,1851806,2512072,2723570,2910975,3455285,4009093,4349880,4630521,4644152,4658748,5539721,6694897,7443253,7029818,8982441,14273394,13472988,15482119.7,16306752.75,
Worker's Remittances ($ Million),,,,,,,,,,,,,,,,,,,,,,,,,,,,,,,,,,,,,,,,,,,,,,,,,,,,,,,,,,,,,,,,,,,,,,,,,,,,,,,,,
,Cash Flow ($ Million),,,,,,,,,,,,,,,,,,,,,,,,,,,136,139,215.97,339,577.74,1156.33,1397.92,1747.05,2115.93,2224.9,2885.45,2737.43,2445.92,2595.31,2278.56,2012.6,1683.56,1667.36,1626.92,1252.45,1238.51,1093.36,1317.73,1227.28,1078.05,1237.68,875.55,913.49,1021.59,2340.79,4190.73,3826.16,4152.29,4588.03,5490.97,6448.84,7810.95,8904.88,11200.9,13186.58,13921.56,15837.68,18719.8,19916.76,19351.36,19913.55,21739.4,23132.31,29449.91,31278.8,27332.8,30250.82,38299.16,
,Bahrain ($ Million),,,,,,,,,,,,,,,,,,,,,,,,,,,2.46,3.39,4.56,13.84,24.27,43.43,37.21,33.04,42.43,43.39,46.8,52.48,51.07,61.92,51.58,41.1,35.63,36.38,37.2,27.75,25.42,25.92,35.9,33.23,29.16,34.31,33.31,29.36,23.87,39.58,71.46,80.55,91.22,100.57,136.28,140.51,153.27,151.35,167.29,210.95,282.83,318.84,388.99,448.44,396.39,355.67,340.18,417.14,470.78,529.52,454.3,442.93,484.18,
,Canada ($ Million),,,,,,,,,,,,,,,,,,,,,,,,,,,2.12,3.16,3.62,6.05,7.87,6.69,6.95,7.33,7.85,7.43,6.99,7.76,6.49,7.71,8.63,9.88,11.19,13.98,11.26,9.86,7.54,5.65,4.91,5.67,3.59,4.14,3.46,3.86,4.9,20.52,15.19,22.9,48.49,81.71,87.2,100.62,79.07,115.12,184.62,177.71,177.19,160.03,170.99,175.99,187.42,211.07,213.03,313.42,594.77,708.05,552.1,504.55,659.96,
,Germany ($ Million),,,,,,,,,,,,,,,,,,,,,,,,,,,1.32,2.73,3.49,5.27,9.04,16.95,37.36,57.29,59.14,51.9,49.87,36.18,36.43,35.27,34.77,35.75,27.92,31.54,32.62,33.12,40.64,28.88,27.71,26.06,18.98,16.62,11.93,10.47,9.2,13.44,26.87,46.52,53.84,59.03,76.87,73.33,100.71,81.21,106.64,88.74,83.18,85.58,78.13,93.66,94.09,127.77,123.53,392.18,431.87,508.9,553,587.26,739.77,
,Japan ($ Million),,,,,,,,,,,,,,,,,,,,,,,,,,,2.22,3.03,4.95,7.83,12.15,21.9,42.59,51.27,75.09,97.11,99.27,50.11,31.65,10.57,3.16,2.71,28.42,35.84,26.84,12.96,11.62,7.13,6.9,3.65,3.05,2.65,3.09,1.58,3.93,5.97,8.14,5.28,6.51,6.63,4.26,4.75,5.1,5.68,8.13,9.03,5.15,7.09,7.75,13.18,14.31,22.79,22.96,66.42,85.24,78.86,74.8,52.06,62.28,
,Kuwait ($ Million),,,,,,,,,,,,,,,,,,,,,,,,,,,7.04,6.93,10.28,17.23,27.37,53.97,75.11,111.64,133.23,151.69,210.88,239.35,205.39,225.18,208.22,193.9,144.29,132.55,15.12,44.24,60.22,47.85,57.86,45.43,38.38,52.4,106.36,135.25,123.39,89.66,221.23,177.01,214.78,246.75,288.71,384.58,432.05,445.09,495.19,582.57,619,681.43,748.12,773.97,763.8,774.22,725.77,738.61,861.58,935.47,815.2,802.07,854.59,
,Norway ($ Million),,,,,,,,,,,,,,,,,,,,,,,,,,,0.67,1.65,2.58,4.68,6.49,9.26,10.37,14.46,16.54,14.86,14.3,13.85,13.47,21.51,24.77,29.16,22.27,19.75,21.28,16.25,15.18,11.85,13.4,11.72,7.97,7.16,5.26,5.6,5.74,6.55,8.89,10.19,18.3,16.82,22.04,28.78,24.94,34.68,36.99,38.49,37.84,30.77,27.58,34.87,41.31,47.75,43.47,69.67,111.77,145.68,111.4,106.66,123.62,
,Qatar ($ Million),,,,,,,,,,,,,,,,,,,,,,,,,,,2.17,2.63,5.46,10.85,24.41,50.93,52.24,63.2,62.47,65.67,92.18,67.38,59.05,63.65,52.92,34,29.21,24.3,24.27,12.87,10.91,7.57,11.52,14.08,9.68,12.17,12.94,13.29,13.38,31.87,87.68,88.69,86.86,118.69,170.65,233.36,339.51,354.15,306.11,318.82,321.25,329.24,350.21,380.86,404.4,371.09,385.94,760.2,910.73,1028.45,915.5,901.6,1056.6,
,Saudi Arabia ($ Million),,,,,,,,,,,,,,,,,,,,,,,,,,,7.87,10.52,17.26,46.36,158.82,464.1,594.38,795.46,984.27,1129.45,1441.96,1441.08,1245.23,1162.87,945.52,821.75,691.64,626.39,681.97,516.16,525.94,493.65,554.08,503.22,418.44,474.86,318.49,309.85,304.43,376.34,580.76,565.29,627.19,750.44,1023.56,1251.32,1559.56,1917.66,2670.07,3687,4104.73,4729.43,5630.43,5968.25,5469.81,4858.78,5003.01,6613.45,7726.26,7754.17,6532.8,7424.23,9345.36,
,Sultanat-e-Oman ($ Million),,,,,,,,,,,,,,,,,,,,,,,,,,,12.2,15.94,15.9,47.48,55.05,63.93,61.78,73.57,92.26,118.52,144.05,168.86,166.41,185.85,134.06,102.72,76.26,79.51,74.98,60.35,51.67,46.07,61.49,64.44,46.11,61.97,44.67,46.42,38.11,63.18,93.65,105.29,119.28,130.45,161.69,224.94,277.82,287.27,337.59,382.66,384.8,530.52,685.71,819.44,760.89,657.33,667.17,994.25,1088.56,1131.95,1013,1033.77,1316.44,
,UAE ($ Million),,,,,,,,,,,,,,,,,,,,,,,,,,,,,22.34,62.42,117.77,208.27,205.75,216.8,265.43,224.88,344.68,308.98,301.33,311.47,278.16,216.58,161.18,143.04,172.03,105.07,97.76,99.36,178.26,161.93,164.39,207.7,125.09,147.79,190.04,469.49,837.87,597.48,712.61,716.3,866.49,1090.3,1688.59,2038.52,2597.74,2848.86,2750.17,3109.52,4231.75,4365.29,4328.15,4358.98,4617.27,5611.79,6164.8,5846.18,4656.1,5534.6,7829.18,
,"UAE, Abu Dhabi ($ Million)",,,,,,,,,,,,,,,,,,,,,,,,,,,,,10.54,26.24,46.68,81.79,92.68,105,131.9,113.07,163.68,169.92,144.1,145.07,101.41,75.83,55.49,53.28,75.71,38.74,32.47,29.32,51.99,48.98,44.91,75.13,38.07,47.3,48.11,103.72,212.37,114.92,152.51,147.89,200.4,298.8,669.4,1130.32,1328.82,1367.62,1485.03,1512.45,1750.65,1418.28,1426.81,1132.69,1487.97,810.43,944.78,1208.24,1029.7,1250.57,1595.72,
,"UAE, Dubai ($ Million)",,,,,,,,,,,,,,,,,,,,,,,,,,,,,9.92,28.87,55.19,96.55,88.13,86.87,102.04,83.29,143.49,110.28,112.06,114.78,126.8,112.05,81.95,65.8,68.72,49.07,47.79,51.12,90.09,81.19,93.07,101.01,70.57,87.04,129.69,331.47,581.09,447.49,532.93,540.24,635.6,761.24,970.42,851.54,1201.15,1411.26,1213.84,1550.03,2411.96,2877.74,2845.31,3173.72,3075.46,4768.21,5116.03,4558.3,3569.7,4229.85,6093.47,
,"UAE, Sharjah ($ Million)",,,,,,,,,,,,,,,,,,,,,,,,,,,,,1.88,7.31,15.9,29.93,24.94,24.93,31.49,28.52,37.51,28.78,45.17,51.62,49.95,28.7,23.74,23.96,27.6,17.26,17.5,16.73,28.96,28.95,22.9,28.54,14.69,12.8,12.21,34.05,42.6,34.61,26.17,26.87,28.86,28.58,47.84,54.55,63.77,67.26,49.76,45.54,67.64,66.5,50.54,47.56,37.17,25.1,79.36,59.81,37.9,21.48,61.57,
,"UAE, Other ($ Million)",,,,,,,,,,,,,,,,,,,,,,,,,,,,,,,,,,,,,,,,,,,,,,0,0,2.19,7.22,2.81,3.51,3.02,1.76,0.65,0.03,0.25,1.81,0.46,1,1.3,1.63,1.68,0.93,2.11,4,2.72,1.54,1.5,1.5,2.77,5.49,5.01,16.67,8.05,24.64,19.82,18.8,32.7,78.42,
,U.K. ($ Million),,,,,,,,,,,,,,,,,,,,,,,,,,,72.13,55.38,74.11,54.38,49.29,76.69,119.12,149.72,184.92,121.31,161.72,141.79,135.98,223.27,204.93,215.88,171.06,178.16,180.05,137.02,114.02,101.19,109.96,109.74,97.94,98.83,73.59,73.27,81.39,151.93,273.83,333.94,371.86,438.65,430.04,458.87,605.59,876.38,1199.67,1521.1,1946.01,2180.23,2376.15,2579.69,2341.66,2892.37,3412.31,2569.02,4090.95,4492.89,4073.2,4521.53,5904.93,
,USA ($ Million),,,,,,,,,,,,,,,,,,,,,,,,,,,9.98,14.41,19.18,25.77,29.32,51.53,53.64,61.47,70.97,72.11,133.5,105.82,105.35,194.46,191.94,177.51,174.78,209.24,190.23,150.34,157.8,122.49,141.09,141.92,146.25,166.29,81.95,79.96,134.81,778.98,1237.52,1225.09,1294.08,1242.49,1459.64,1762.03,1735.87,1771.19,2068.67,2334.47,2186.24,2467.65,2702.66,2524.73,2452.93,2838.04,3309.08,1742.83,2599.58,3087.36,3167.8,3531.19,3720.37,
,Other Countries ($ Million),,,,,,,,,,,,,,,,,,,,,,,,,,,15.82,19.23,32.24,36.84,55.89,88.68,101.42,111.8,121.33,126.58,139.25,103.79,88.07,91.58,139.9,131.66,109.71,136.68,159.07,126.46,119.79,95.75,114.65,106.19,94.11,98.58,55.41,56.79,88.4,293.28,727.64,567.93,507.27,679.5,763.54,695.45,808.87,826.58,1022.19,986.18,1023.17,1207.35,1321.33,1738.39,2096.2,2397.69,2875.68,2843.33,4313.03,5031.32,4413.6,4808.39,6201.86,
,Encashment * ($ Million),,,,,,,,,,,,,,,,,,,,,,,,,,,,,,,,,,,,,,,,,,,,,221.37,215.03,323.73,352.2,548.37,233.89,331.42,251.87,184.64,70.24,64.98,48.26,46.12,45.42,16.5,12.09,2.68,2.4,0.48,1.02,0.07,0.04,0.09,0.03,0.2,0,0.04,0,0.01,0,0,0,0,0,0,
,TOTAL ($ Million),,,,,,,,,,,,,,,,,,,,,,,,,,,136,139,215.97,339,577.74,1156.33,1397.92,1747.05,2115.93,2224.89,2885.45,2737.43,2445.92,2595.31,2278.56,2012.6,1896.99,1942.35,1848.29,1467.48,1562.24,1445.56,1866.1,1461.17,1409.47,1489.55,1060.19,983.73,1086.57,2389.05,4236.85,3871.58,4168.79,4600.12,5493.65,6451.24,7811.43,8905.9,11200.97,13186.62,13921.65,15837.71,18720,19916.76,19351.4,19913.55,21739.41,23132.31,29449.91,31278.8,27332.8,30250.82,38299.16,
Worker's Remittances (% Share),,,,,,,,,,,,,,,,,,,,,,,,,,,,,,,,,,,,,,,,,,,,,,,,,,,,,,,,,,,,,,,,,,,,,,,,,,,,,,,,,
,Cash Flow,,,,,,,,,,,,,,,,,,,,,,,,,,,,,,,,,,,,,,,,,,,,,,,,,,,,,,,,,,,,,,,,,,,,,,,,,,,,,,,,
,Bahrain (% Share),,,,,,,,,,,,,,,,,,,,,,,,,,,1.81,2.44,2.11,4.08,4.2,3.76,2.66,1.89,2.01,1.95,1.62,1.92,2.09,2.39,2.26,2.04,1.88,1.87,2.01,1.89,1.63,1.79,1.92,2.27,2.07,2.3,3.14,2.98,2.2,1.66,1.69,2.08,2.19,2.19,2.48,2.18,1.96,1.7,1.49,1.6,2,2,2.1,2.3,2,1.8,1.6,1.8,1.6,1.7,1.7,1.464186679,1.264211361,
,Canada (% Share),,,,,,,,,,,,,,,,,,,,,,,,,,,1.56,2.27,1.68,1.78,1.36,0.58,0.5,0.42,0.37,0.33,0.24,0.28,0.27,0.3,0.38,0.49,0.59,0.72,0.61,0.67,0.48,0.39,0.26,0.39,0.25,0.28,0.33,0.39,0.45,0.86,0.36,0.59,1.16,1.78,1.59,1.56,1.01,1.29,1.65,1.3,1.3,1,0.9,0.9,1,1.1,1,1.4,2,2.3,2,1.66789089,1.723178314,
,Germany (% Share),,,,,,,,,,,,,,,,,,,,,,,,,,,0.97,1.96,1.62,1.55,1.56,1.47,2.67,3.28,2.79,2.33,1.73,1.32,1.49,1.36,1.53,1.78,1.47,1.62,1.76,2.26,2.6,2,1.48,1.78,1.35,1.12,1.13,1.06,0.85,0.56,0.63,1.2,1.29,1.29,1.4,1.14,1.29,0.91,0.95,0.7,0.6,0.5,0.4,0.5,0.5,0.6,0.6,1.7,1.5,1.6,1.9,1.941301223,1.93154931,
,Japan (% Share),,,,,,,,,,,,,,,,,,,,,,,,,,,1.63,2.18,2.29,2.31,2.1,1.89,3.05,2.93,3.55,4.36,3.44,1.83,1.29,0.41,0.14,0.13,1.5,,1.45,0.88,0.74,0.49,0.37,0.25,0.22,0.18,0.29,0.16,0.36,0.25,0.19,0.14,0.16,0.14,0.08,0.07,0.07,0.06,0.07,0.1,0,0,0,0.1,0.1,0.1,0.1,0.3,0.3,0.3,0.3,0.172079431,0.162618132,
,Kuwait (% Share),,,,,,,,,,,,,,,,,,,,,,,,,,,5.18,4.99,4.76,5.08,4.74,4.67,5.37,6.39,6.3,6.82,7.31,8.74,8.4,8.68,9.14,9.63,7.61,6.82,0.82,3.01,3.85,3.31,3.1,3.11,2.72,3.52,10.03,13.75,11.36,3.75,5.22,4.57,5.15,5.38,5.26,5.96,5.53,5,4.42,4.4,4.4,4.3,4,3.9,3.9,3.9,3.3,3.2,2.9,3,3,2.651401259,2.231363868,
,Norway (% Share),,,,,,,,,,,,,,,,,,,,,,,,,,,0.49,1.19,1.19,1.38,1.12,0.8,0.74,0.83,0.78,0.67,0.5,0.51,0.55,0.83,1.09,1.45,1.17,1.02,1.15,1.11,0.97,0.82,0.72,0.8,0.57,0.48,0.5,0.57,0.53,0.27,0.21,0.26,0.44,0.37,0.4,0.45,0.32,0.39,0.33,0.3,0.3,0.2,0.1,0.2,0.2,0.2,0.2,0.3,0.4,0.5,0.4,0.352593579,0.322750397,
,Qatar (% Share),,,,,,,,,,,,,,,,,,,,,,,,,,,1.6,1.89,2.53,3.2,4.23,4.4,3.74,3.62,2.95,2.95,3.19,2.46,2.41,2.45,2.32,1.69,1.54,1.25,1.31,0.88,0.7,0.52,0.62,0.96,0.69,0.82,1.22,1.35,1.23,1.33,2.07,2.29,2.08,2.59,3.11,3.62,4.35,3.98,2.73,2.4,2.3,2.1,1.9,1.9,2.1,1.9,1.8,3.3,3.1,3.3,3.4,2.980418033,2.758813421,
,Saudi Arabia (% Share),,,,,,,,,,,,,,,,,,,,,,,,,,,5.79,7.57,7.99,13.68,27.49,40.14,42.52,45.53,46.52,50.76,49.97,52.64,50.91,44.81,41.5,40.83,36.46,32.25,36.9,35.17,33.67,34.15,29.69,34.44,29.69,31.88,30.04,31.5,28.02,15.75,13.71,14.6,15.04,16.36,18.64,19.4,19.97,21.53,23.84,28,29.5,29.9,30.1,30,28.3,24.4,23,28.6,26.2,24.8,23.9,24.54222956,24.40093611,
,Sultanat-e-Oman (% Share),,,,,,,,,,,,,,,,,,,,,,,,,,,8.97,11.47,7.36,14.01,9.53,5.53,4.42,4.21,4.36,5.33,4.99,6.17,6.8,7.16,5.88,5.1,4.02,4.09,4.06,4.11,3.31,3.19,3.3,4.41,3.27,4.16,4.21,4.72,3.51,2.64,2.21,2.72,2.86,2.84,2.94,3.49,3.56,3.23,3.01,2.9,2.8,3.3,3.7,4.1,3.9,3.3,3.1,4.3,3.7,3.6,3.7,3.417327892,3.437265553,
,UAE (% Share),,,,,,,,,,,,,,,,,,,,,,,,,,,0,0,10.34,18.41,20.38,18.01,14.72,12.41,12.54,10.11,11.95,11.29,12.32,12,12.21,10.76,8.5,7.36,9.31,7.16,6.26,6.87,9.55,11.08,11.66,13.94,11.8,15.02,17.49,19.65,19.78,15.43,17.09,15.61,15.78,16.91,21.62,22.89,23.19,21.6,19.8,19.6,22.6,21.9,22.4,21.9,21.2,24.3,20.9,18.7,17.6,18.29568665,20.4421735,
,"UAE, Abu Dhabi (% Share)",,,,,,,,,,,,,,,,,,,,,,,,,,,0,0,4.88,7.74,8.08,7.07,6.63,6.01,6.23,5.08,5.67,6.21,5.89,5.59,4.45,3.77,2.93,2.74,4.1,2.64,2.08,2.03,2.79,3.35,3.19,5.04,3.59,4.81,4.43,4.34,5.01,2.97,3.66,3.22,3.65,4.63,8.57,12.69,11.86,10.4,10.7,9.5,9.4,7.1,7.4,5.7,6.8,3.5,3.2,3.9,3.8,4.133999033,4.166467081,
,"UAE, Dubai (% Share)",,,,,,,,,,,,,,,,,,,,,,,,,,,0,0,4.59,8.52,9.55,8.35,6.3,4.97,4.82,3.74,4.97,4.03,4.58,4.42,5.56,5.57,4.32,3.39,3.72,3.34,3.06,3.54,4.83,5.56,6.6,6.78,6.66,8.85,11.94,13.87,13.72,11.56,12.78,11.77,11.58,11.8,12.42,9.56,10.72,10.7,8.7,9.8,12.9,14.4,14.7,15.9,14.1,20.6,17.4,14.6,13.6,13.98258999,15.91019733,
,"UAE, Sharjah (% Share)",,,,,,,,,,,,,,,,,,,,,,,,,,,0,0,0.87,2.16,2.75,2.59,1.78,1.43,1.49,1.28,1.3,1.05,1.85,1.99,2.19,1.43,1.25,1.23,1.49,1.18,1.12,1.16,1.55,1.98,1.62,1.92,1.39,1.3,1.12,1.43,1.01,0.89,0.63,0.59,0.53,0.44,0.61,0.61,0.57,0.5,0.4,0.3,0.4,0.3,0.3,0.2,0.2,0.1,0.3,0.2,0.1,0.070999027,0.16074497,
,"UAE, Other (% Share)",,,,,,,,,,,,,,,,,,,,,,,,,,,0,0,,,,,,,,,,,,,,,,,,0,0,0.15,0.39,0.19,0.25,0.2,0.17,0.07,0,0.01,0.04,0.01,0.02,0.03,0.03,0.03,0.01,0.02,0.04,0,0,0,0,0,0,0,0.1,0,0.1,0.1,0.1,0.108098594,0.204764126,
,U.K. (% Share),,,,,,,,,,,,,,,,,,,,,,,,,,,53.04,39.84,34.31,16.04,8.53,6.63,8.52,8.57,8.74,5.45,5.6,5.18,5.56,8.6,8.99,10.73,9.02,9.17,9.74,9.34,7.3,7,5.89,7.51,6.95,6.63,6.94,7.45,7.49,6.36,6.46,8.63,8.92,9.56,7.83,7.12,7.75,9.84,10.71,11.5,14,13.8,12.7,13,12.1,14.5,15.7,11.1,13.9,14.4,14.9,14.94678566,15.41792802,
,USA (% Share),,,,,,,,,,,,,,,,,,,,,,,,,,,7.34,10.37,8.88,7.6,5.07,4.46,3.84,3.52,3.35,3.24,4.63,3.87,4.31,7.49,8.42,8.82,9.21,10.77,10.29,10.24,10.1,8.47,7.56,9.71,10.38,11.16,7.73,8.13,12.41,32.61,29.21,31.64,31.04,27.08,26.58,27.32,22.22,19.89,18.47,17.7,15.7,15.6,14.4,12.7,12.7,14.3,15.2,7.5,8.8,9.9,11.1,11.67304188,9.713977093,
,Other Countries (% Share),,,,,,,,,,,,,,,,,,,,,,,,,,,11.63,13.83,14.93,10.87,9.67,7.67,7.26,6.4,5.73,5.69,4.83,3.79,3.6,3.53,6.14,6.54,5.78,7.04,8.61,8.62,7.67,6.62,6.14,7.27,6.68,6.62,5.23,5.77,8.14,12.28,17.17,14.67,12.17,14.81,13.91,10.78,10.36,9.28,9.13,7.5,7.3,7.6,7.1,8.7,10.8,12,13.2,12.3,14.6,16.1,16.1,15.89505727,2.260655529,
,Encashment * (% share),,,,,,,,,,,,,,,,,,,,,,,,,,,0,0,0,0,0,0,0,0,0,0,0,0,0,0,0,0,0,0,11.98,14.65,20.72,24.36,29.39,16.01,23.51,16.91,17.42,7.14,5.98,2.02,1.09,1.17,0.4,100,100,100,100,100,100,100,100,100,100,100,100,100,100,100,100,100,100,,,
,Total (% share),,,,,,,,,,,,,,,,,,,,,,,,,,,100,100,100,100,100,100,100,100,100,100,100,100,100,100,100,100,100,100,100,100,100,100,100,100,100,100,100,100,100,100,100,100,100,,,,,,,,,,,,,,,,,,,100,100,
Exchange Rate Position (Pakistan Rupees in Terms of One Unit of Selected Foreign Currencies),,,,,,,,,,,,,,,,,,,,,,,,,,,,,,,,,,,,,,,,,,,,,,,,,,,,,,,,,,,,,,,,,,,,,,,,,,,,,,,,,
,"Australia (Dollar, Average During the Year)",,,,,,,,,,,,5.342065,5.342065,5.342065,5.342065,5.342065,5.342065,5.342065,5.342065,5.342065,5.342065,5.342065,5.342065,5.342065,5.342065,6.812888,13.545466,14.60595,13.554566,12.492213,11.407704,11.176029,11.257543,11.041349,11.503427,11.640753,11.899024,12.221728,11.728326,11.306059,11.410053,12.860508,15.687136,16.511675,17.600375,19.1123,18.2623,20.8851,22.9083,25.4912,30.530001,29.347227,29.3962,32.5665,31.3747,32.1607,34.2101,41.0626,44.7141,44.756,47.676,56.196,58.293,73.964,84.619,91.896,99.281,94.404,84.671,75.855,78.97,85.123,97.175,105.928,119.388,128.55,167,185.3870535,180.8353486,
,"Bangladesh (Taka, Average During the Year)",,,,,,,,,,,,,,,,,,,,,,,,,,,,,,,,,,,,,0.4656,0.5394,0.5394,0.5399,0.5606,0.5632,0.597,0.6519,0.6281,0.6518,0.6628,0.7536,0.7673,0.8204,0.912754,0.951292,0.9686,1.0285,1.0794,1.0826,1.0108,0.9842,0.9774,0.912,0.872,0.909,1.142,1.212,1.21,1.139,1.206,1.323,1.305,1.333,1.326,1.341,1.62,1.864,1.886,2.081,2.5,2.580588917,2.391481833,
,"Canada (Dollar, Average During the Year)",,,,,,,,,,,,4.93274,4.93356,4.9813,4.84688,4.55543,4.42767,4.41619,4.42612,4.4296,4.41727,4.42014,4.43884,4.44578,4.69522,5.81598,10.64466,10.03907,9.94222,9.85658,9.7903,8.98618,8.49529,8.47664,8.37229,8.69401,10.29549,10.75172,11.32514,11.68145,12.65028,13.73273,15.98481,18.23433,19.42077,21.3864,20.7982,22.5554,22.375,24.6581,28.544857,30.482831,31.0445,35.1611,38.4434,39.1719,38.8234,42.8526,47.5567,51.499,53.578,61.974,67.587,79.479,85.471,88.863,96.321,96.194,86.603,78.654,78.924,86.511,102.763,117.698,124.71,140.085,185.03,208.7582556,200.2103359,
,"China (Yuan, Average During the Year)",,,,,,,,,,,,1.937477,1.937477,1.937477,1.937477,1.937477,1.937477,1.937477,1.937477,1.937477,1.937477,1.937477,1.937477,1.937477,1.937477,2.479134,4.94685,5.073687,5.323183,5.081235,5.199367,5.634072,6.107028,6.524106,6.326853,5.88917,6.467852,6.60407,5.661931,5.184248,4.626765,4.728792,5.162942,5.094467,4.446667,4.5781,4.5996,4.3316,3.6803,4.0354,4.69884,5.215414,5.6548,6.247,7.0601,7.4149,7.0613,6.9497,7.1676,7.416,7.753,8.613,11.493,12.284,12.912,14.051,15.506,16.764,16.364,16.198,15.406,16.933,19.962,22.471,24.183,27.488,35.69,39.16305639,38.72658729,
,"Denmark (Krone, Average During the Year)",,,,,,,,,,,,0.690546,0.690546,0.690546,0.690546,0.690546,0.690546,0.690546,0.690546,0.690546,0.690546,0.658705,0.63596,0.63596,0.63596,0.814981,1.597806,1.655041,1.729433,1.637954,1.661689,1.692432,1.8669,1.828783,1.60301,1.372653,1.461451,1.385098,1.368125,1.77787,2.367113,2.656808,2.679442,3.141058,3.685183,3.8958,4.3059,4.5298,5.2534,5.9354,6.377509,6.330976,7.0348,6.9724,6.9916,7.3987,8.2524,9.225,10.1527,9.77,,,,15.67,15.654,16.03,16.797,18.711,16.342,15.527,15.358,17.641,20.821,23.412,25.656,26.853,35.04,41.04883231,40.76677087,
,"Hong Kong (Dollar, Average During the Year)",,,,,,,,,,,,,,,,,,,,,,,,,,,,,,,,,,,,1.92455,1.94399,1.73877,1.94277,2.06559,2.20773,2.25803,2.46373,2.74878,2.87535,3.2047,3.3574,3.9011,3.9902,4.3345,5.039074,5.576239,6.044,6.6573,7.4906,7.872,7.499,7.397,7.6176,7.713,7.777,8.027,10.125,10.807,11.002,11.477,12.476,13.267,13.066,13.442,13.502,14.066,17.384,20.285,20.644,22.759,31.68,36.19881885,35.87473665,
,"India (Rupee, Average During the Year)",,,,,,,,,,,,,,,,,,,,,,,,,,,,,,,,,,,,,1.3005,1.2763,1.2375,1.3167,1.3363,1.3322,1.2674,1.2632,1.198,0.9611,0.9405,0.9609,0.9814,0.9783,1.089429,1.128526,1.0935,1.1862,1.2529,1.2787,1.2219,1.2682,1.3253,1.339,1.375,1.542,1.647,1.8,1.888,1.784,1.766,1.676,1.635,1.574,1.578,1.69,1.932,2.185,2.173,2.355,3.04,3.406650083,3.281013917,
,"Iran (Rial, Average During the Year)",,,,,,,,,,,,,,,,,,,,,,,,,,,,,,,,,,,,,0.1491,0.154,0.1629,0.1921,0.231,0.2553,0.2716,0.3004,0.3357,0.3699,0.3507,0.0179,0.0176,0.0192,0.022486,0.024632,0.0266,0.0295,0.0332,0.0307,0.0073,0.0069,0.0067,0.007,0.007,0.007,0.008,0.008,0.008,0.008,0.008,0.004,0.004,0.004,0.003,0.003,0.003,0.004,0.004,0.004,0.01,0.006719667,0.0066905,
,"Japan (Yen, Average During the Year)",,,,,,,,,,,,0.01325,0.01325,0.01325,0.01325,0.01325,0.01325,0.01325,0.01325,0.01325,0.01325,0.01325,0.01325,0.01325,0.01325,0.01823,0.03673,0.03574,0.0335,0.03294,0.03462,0.04099,0.04955,0.04256,0.04633,0.04506,0.05145,0.0576,0.06079,0.08201,0.11271,0.13185,0.14639,0.14596,0.16392,0.1896,0.2177,0.2843,0.3277,0.3281,0.337599,0.341138,0.3797,0.4809,0.5109,0.4884,0.4888,0.5203,0.5558,0.522,0.512,0.571,0.801,0.916,1.03,1.135,1.112,1.018,0.887,0.896,0.961,0.997,1.226,1.462,1.503,1.511,1.81,1.899188465,1.870182206,
,"Kuwait (Dinar, Average During the Year)",,,,,,,,,,,,13.3552,13.3552,13.3552,13.3552,13.3552,13.3552,13.3552,13.3552,13.3552,13.3552,13.3552,13.3552,13.3552,13.3552,17.1286,33.4441,33.8475,34.2068,33.7969,34.2222,35.2119,36.1362,36.1198,36.4417,37.2014,43.6297,45.9231,50.1886,55.0595,60.2916,63.4527,67.1265,73.1881,75.4116,86.403,87.2127,101.574,104.3749,112.5264,129.685873,141.791569,153.8993,169.4791,190.4592,200.7861,194.5677,194.3681,202.3816,205.326,209.812,228.295,281.274,291.66,304.416,322.328,342.422,364.026,346.12,345.287,345.002,364.961,448.828,516.44,526.259,585.647,807.91,918.1167779,909.2297148,
,"Malaysia (Ringgit, Average During the Year)",,,,,,,,,,,,1.558104,1.558104,1.558104,1.558104,1.558104,1.558104,1.558104,1.558104,1.558104,1.558104,1.558104,1.558104,1.558104,1.558104,1.998343,3.923467,4.17369,4.254419,3.905383,3.954748,4.126004,4.437514,4.538001,4.460375,4.568612,5.453344,5.791528,6.217424,6.47208,6.69974,6.923383,7.137508,7.94105,8.246333,9.3259,10.1692,11.5288,12.1848,13.2905,15.586134,12.528506,12.1327,13.6289,15.3871,16.1621,15.3944,15.1532,15.6244,16.052,17.065,18.902,22.329,24.804,27.743,28.914,31.393,31.682,29.382,25.246,24.468,27.072,33.012,37.551,38.793,41.929,55.28,60.22649035,63.47899467,
,"Nepal (Rupee, Average During the Year)",,,,,,,,,,,,,,,,,,,,,,,,,,,,,,,,,,,,,0.9305,0.8824,0.9199,0.8306,0.7958,0.7982,0.7585,0.7522,0.7143,0.5832,0.5741,0.6121,0.6178,0.6102,0.683651,0.703377,0.6858,0.7503,0.7893,0.8033,0.7515,0.7802,0.8169,0.83,0.858,0.959,1.029,1.125,1.18,1.116,1.104,1.048,1.022,0.984,0.986,1.057,1.207,1.377,1.355,1.484,1.92,2.134899,2.095154583,
,"Norway (Krone, Average During the Year)",,,,,,,,,,,,0.66776,0.66776,0.66776,0.66776,0.66776,0.66776,0.66776,0.66776,0.66776,0.66776,0.66776,0.66776,0.66776,0.66776,0.86175,1.67888,1.78093,1.90234,1.80185,1.8593,1.85306,1.92794,1.99214,1.90398,1.76075,1.81415,1.77946,1.71095,2.09963,2.41092,2.72553,2.82898,3.19349,3.63066,3.8505,4.0096,4.1305,4.6915,5.3528,6.050897,5.83447,6.1371,6.3421,6.4483,7.0288,8.1021,8.2191,9.1841,9.214,9.716,11.642,12.411,14.07,14.736,15.54,16.804,17.06,14.279,12.411,12.464,13.77,16.068,16.924,18.29,19.855,24.12,26.6016968,25.95999137,
,"Singapore (Dollar, Average During the Year)",,,,,,,,,,,,1.5581,1.5581,1.5581,1.5581,1.5581,1.5581,1.5581,1.5581,1.5581,1.5581,1.5581,1.5581,1.5581,1.5581,1.99171,3.95635,4.11931,4.22862,4.00238,4.02546,4.18025,4.49607,4.56948,4.69667,5.00564,5.9587,6.35856,6.91115,7.43155,7.96794,8.60225,9.73038,11.22591,12.77098,14.8944,15.9865,19.0212,21.2485,23.6411,27.457541,27.055718,27.6043,30.5305,33.1605,33.9503,33.3406,33.5098,35.6797,36.415,39.165,43.685,53.55,59.6,66.13,70.761,78.077,81.631,77.308,74.978,75.193,81.916,99.717,114.168,118.788,130.423,182.24,209.757477,210.8343532,
,"Sri Lanka (Rupee, Average During the Year)",,,,,,,,,,,,,,,,,,,,,,,,,,,,,,,,,,,,,0.5851,0.5455,0.5764,0.5853,0.6012,0.5998,0.5784,0.5043,0.5539,0.5831,0.566,0.612,0.6201,0.6281,0.682303,0.703774,0.6869,0.7144,0.7026,0.6624,0.6057,0.592,0.5813,0.587,0.565,0.568,0.702,0.734,0.769,0.763,0.752,0.786,0.77,0.737,0.703,0.711,0.785,0.867,0.841,0.786,0.73,0.901472417,0.926216917,
,"Sweden (Krona, Average During the Year)",,,,,,,,,,,,0.922,0.922,0.922,0.922,0.922,0.922,0.922,0.922,0.922,0.922,0.922,0.922,0.922,0.922,1.18696,2.28394,2.26884,2.38646,2.26666,2.3035,2.13361,2.25897,2.34805,2.22529,1.87909,1.79922,1.70242,1.7182,2.10445,2.58154,2.87805,3.02377,3.41222,3.84143,4.1506,3.9886,3.8009,4.1543,5.0484,5.523049,5.525968,5.8006,6.0786,5.9379,5.9117,6.691,7.5195,8.2949,7.787,8.614,9.889,10.433,11.569,12.827,13.267,14.681,15.763,13.11,12.401,11.883,13.247,14.878,16.4,18.678,19.356,23.53,26.62170603,26.98261755,
,"Switzerland (Franc, Average During the Year)",,,,,,,,,,,,1.09073,1.09073,1.09073,1.09073,1.09073,1.09073,1.09073,1.09073,1.09073,1.09073,1.09073,1.09073,1.09073,1.10358,1.48689,2.98736,3.2445,3.70927,3.81749,3.98126,4.74583,5.92867,6.00225,5.48032,5.43597,6.10041,6.16954,5.89099,7.79443,10.79521,12.33669,12.14458,13.84921,16.67333,16.9154,18.3825,20.8077,24.7362,28.0734,28.816431,29.369774,32.5174,32.5626,34.1098,37.1824,41.4643,44.2489,49.0657,46.855,49.239,56.674,70.053,78.966,89.93,99.375,102.767,113.773,107.472,106.39,105.587,113.204,136.757,161.741,175.805,190.129,265.25,318.8446926,322.5859448,
,"Saudi Arabia (Riyal, Average During the Year)",,,,,,,,,,,,1.27192,1.27192,1.165927,1.059933,1.059933,1.059933,1.059933,1.059933,1.059933,1.059933,1.059933,1.059933,1.059933,1.059933,1.359415,2.647918,2.77566,2.806549,2.809038,2.806742,2.8418,2.954036,2.959428,2.971758,3.079758,3.705968,3.860394,4.245266,4.411834,4.581555,4.696917,5.107808,5.721625,5.9959,6.6442,6.9407,8.0642,8.2475,9.0606,10.443959,11.517832,12.4882,13.8125,15.5868,16.3792,15.5961,15.3488,15.8027,15.961,16.166,16.697,20.934,22.348,22.805,23.794,25.81,27.431,27.004,27.8,27.926,29.3,36.299,42.105,42.654,47.294,66.06,75.40809014,74.43112446,
,"Thailand (Baht, Average During the Year)",,,,,,,,,,,,0.256196,0.253059,0.252112,0.252859,0.254649,0.256336,0.256706,0.25683,0.25683,0.25683,0.25683,0.25683,0.25683,0.25683,0.327542,0.650191,0.716853,0.665251,0.612615,0.559198,0.547842,0.553422,0.540676,0.556906,0.491542,0.551832,0.586422,0.586638,0.607719,0.661638,0.691756,0.754513,0.829705,0.882988,0.9626,1.0028,1.1567,1.2174,1.2176,1.21763,1.156197,1.2313,1.349,1.3438,1.4,1.3742,,1.4763,1.501,1.679,1.879,2.265,2.534,2.796,2.892,3.191,3.228,3.108,2.939,3.003,3.396,4.234,5.095,5.189,5.314,7.07,7.917743633,8.240639972,
,"UAE (Dirham, Average During the Year)",,,,,,,,,,,,,,,,,,,,1.0016,1.0016,1.0016,1.0016,1.0016,1.0016,1.2846,2.5023,2.5073,2.5013,2.5035,2.5206,2.5472,2.5741,2.6341,2.6937,2.8777,3.4681,3.6732,4.1332,4.3966,4.6785,4.7931,5.2342,5.844,6.1231,6.7874,7.0923,8.2415,8.4214,9.2329,10.663912,11.762314,12.7583,14.0979,15.9133,16.7231,15.9261,15.6727,16.1586,16.297,16.511,17.039,21.386,22.822,23.288,24.289,26.338,28.007,27.579,28.387,28.517,29.916,37.059,43.018,43.56,48.314,67.53,77.02189179,76.05550177,
,"UK (Pound, Average During the Year)",,,,,,,,,,,,13.34,13.34,13.34,13.34,13.34,13.34,13.34,13.34,13.34,13.34,12.54,11.43,11.43,11.43,14.77,25.71,23.62,23.27,19.76,16.97,18.11,19.84,22.11,22.68,19.37,20.5,19.59,18.5,23.25,26.24,30.85,32.91,34.92,41.58,43.7454,42.0315,45.16,48.6951,51.9192,63.068345,71.145021,76.8085,82.4937,84.7395,88.5691,92.7433,100.1672,110.2891,106.434,117.185,125.295,126.092,132.487,135.964,141.14,151.597,167.221,159.435,154.488,132.712,148.043,175.931,199.065,215.279,235.592,299.3,356.2049936,361.4749624,
,"USA (Dollar, Average During the Year)",,,,,,,,,,,,4.77,4.77,4.77,4.77,4.77,4.77,4.77,4.77,4.77,4.77,4.77,4.77,4.77,4.77,5.81,10.55,9.91,9.91,9.91,9.91,9.91,9.91,9.91,9.91,10.56,12.69,13.49,15.17,16.15,17.18,17.6,19.22,21.45,22.42,24.8441,25.9598,30.1638,30.8517,33.5684,38.993641,43.195802,46.7904,51.7709,58.4378,61.4258,58.4995,57.5745,59.3576,59.857,60.634,62.547,78.498,83.802,85.502,89.236,96.727,102.859,101.295,104.235,104.697,109.844,136.09,158.025,160.022,177.451,248.04,282.8984571,279.3489689,
,"EMU (Euro, Average During the Year)",,,,,,,,,,,,,,,,,,,,,,,,,,,,,,,,,,,,,,,,,,,,,,,,,,,,,,,,54.9991,61.3083,68.6226,75.5359,72.866,79.176,92.17,107.433,116.499,116.598,119.2,125.123,139.495,121.673,115.629,114.034,131.086,155.071,174.585,190.739,199.492,260.52,305.9706138,303.9653324,
,"IMF (SDR, Average During the Year)",,,,,,,,,,,,4.7619,4.7619,4.7619,4.7619,4.7619,4.7619,4.7619,4.7619,4.7619,4.7619,4.7619,4.7619,4.7619,4.7619,5.8326,11.9264,11.9429,12.0943,11.5925,11.4399,11.8781,12.6892,12.8824,12.4504,11.9888,13.7574,14.154,15.0198,17.719,21.3056,23.5047,25.0111,27.6604,31.0517,34.1379,35.6217,42.2162,46.1616,49.6416,55.24769,58.465441,63.685,70.1077,74.776,78.0627,79.3198,83.247,88.5631,86.959,90.773,98.627,119.96,129.743,133.341,138.941,147.226,158.004,146.955,145.878,143.813,156.785,189.563,217.295,228.283,246.993,328.8,375.4784027,371.8092613,