Sectors,Sub-Sectors-Level1,Sub-Sectors-Level2,1999-00,2000-01,2001-02,2002-03,2003-04,2004-05,2005-06,2006-07,2007-08,2008-09,2009-10,2010-11,2011-12,2012-13,2013-14,2014-15,2015-16,2016-17,2017-18,2018-19,2019-20,2020-21,2021-22,2022-23,2023-24,2024-25,2025-26
Agriculture at Basic Prices (Rs Million),,,5018356,5013941,5077194,5258170,5420793,5789117,5898414,6103888,6153614,6363627,6383525,6556680,6768528,6981192,7150034,7277452,7306957,7468900,7758432,7831296,8137860,8424041,8778647,8975069,9549585,9695601.09,9975844
,Crops at Basic Prices (Rs Million),,2293488,2139846,2072269,2101191,2118617,2392432,2384982,2520257,2461865,2559066,2425068,2475466,2506343,2576184,2623259,2597395,2497153,2531438,2648128,2532070,2692121,2849148,3083439,3047425,3378267,3344297.4,3392543
,,Important Crops at Basic Prices (Rs Million),1162155,1044428,1002895,1058286,1062471,1276891,1236014,1344199,1278590,1370856,1307739,1356855,1455250,1476419,1573025,1542822,1462455,1501621,1565723,1431198,1506263,1593985,1681708,1689304,1977855,1717019.4,1728137
,,Other Crops at Basic Prices (Rs Million),1001746,969277,944773,921308,935125,960653,1002746,1030573,1047324,1051028,972151,984172,897775,951681,904038,898386,912388,901099,943042,977166,1067179,1152009,1289069,1271187,1272421,1523592,1560645
,,Cotton Ginning at Basic Prices (Rs Million),129587,126142,124602,121596,121021,154888,146221,145485,135950,137182,145177,134438,153318,148083,146196,156186,122310,128718,139363,123706,118679,103154,112662,86934,127991,103686,103761
,Livestock at Basic Prices (Rs Million),,2413171,2548791,2680497,2799541,2932166,3068938,3209572,3299845,3429032,3542890,3686173,3833038,4006298,4138768,4257307,4426704,4531885,4662846,4830324,5006731,5146701,5269009,5387611,5587106,5831983,6004012,6229439
,Forestry at Basic Prices (Rs Million),,212614,229154,240137,270243,281092,238325,195784,175604,145686,141449,150392,146902,150841,160514,162765,140811,161737,157022,160541,172129,177917,183877,185162,217372,214976,221160,225632
,Fishing at Basic Prices (Rs Million),,99083,96151,84290,87196,88918,89423,108076,108182,117032,120221,121892,101275,105046,105726,106703,112542,116182,117594,119439,120366,121121,122007,122435,123166,124359,126131.69,128230
Industrial Sector at Basic Prices (Rs Million),,,2644188,2820244,2872556,3059074,3584870,3908310,4036565,4329874,4709886,4514626,4693059,4921837,5036634,5094824,5315788,5602641,5939635,6213295,6783864,6800675,6409967,6935438,7421583,7133708,7064866,7457780,7719583.771
,Mining & Quarrying at Basic Prices (Rs Million),,387010,410560,437975,481276,581836,521257,546871,576681,598023,591833,606178,581713,612310,623161,629518,654371,691258,685104,734818,738791,685844,697669,651208,630143,614814,591904,594170
,Manufacturing at Basic Prices (Rs Million),,1405602,1555623,1622116,1742267,2026951,2345750,2590683,2799584,2971396,2854407,2903663,2979531,3039516,3202692,3387283,3526714,3668778,3847353,4119706,4305977,3970246,4388024,4864350,4608423,4748113,4841123,5161262
,,Large Scale at Basic Prices (Rs Million),1117699,1249417,1296092,1395023,1658121,1955447,2167420,2353826,2495528,2344423,2356726,2393527,2413882,2529947,2667136,2755732,2841709,2957914,3162576,3274235,2906578,3240794,3626559,3269760,3300543.756,3277708.962,3478051.293
,,Small Scale at Basic Prices (Rs Million),142702,153442,165243,177630,190466,203592,224339,239309,259131,281418,306028,332119,358818,390062,422385,457082,494949,538401,585867,638626,647374,705485,768249,838794,914696.6673,996220.7455,1080886.682
,,Slaughtering at Basic Prices (Rs Million),145200,152764,160781,169614,178364,186711,198924,206449,216738,228566,240908,253885,266815,282683,297762,313900,332121,351038,371263,393116,416293,441745,469542,499869,532872.577,567193.2925,602324.0241
,"Electricity, Gas and Water Supply at Basic Prices (Rs Million)",,478551,459446,419778,427574,566769,546560,343289,328487,431750,407181,473964,707874,717928,566095,573706,635858,681030,690618,745548,786907,814703,888101,926804,1016276,833003,1079575,964834
,Construction at Basic Prices (Rs Million),,373025,394615,392687,407957,409314,494743,555722,625122,708717,661205,709254,652719,666881,702876,725281,785698,898569,990220,1183792,969000,939174,961644,979221,878866,868936,945178,999317.7713
,Commodity Producing Sector at Basic Prices (Rs Million),,7662545,7834185,7949750,8317244,9005664,9697427,9934979,10433762,10863500,10878253,11076584,11478517,11805163,12076016,12465823,12880093,13246592,13682195,14542296,14631971,14547827,15359479,16200230,16108777,16614451,17153381.09,17695427.77
Services Sector at Basic Prices (Rs Million),,,8144532,8547929,8862107,9363312,10034672,10865657,11792774,12404422,12989820,13228662,13576232,13964279,14450866,15192533,15772481,16434536,17261613,18232012,19317324,20284070,20038838,21223003,22643030,22651994,23162560.25,23889065.64,24866359
,Wholesale & Retail Trade at Basic Prices (Rs Million),,2786055,2921618,2973256,3139553,3455773,3907321,4235836,4452654,4652221,4517382,4569429,4638732,4684892,4839817,5054010,5172213,5380330,5727275,6114661,6331734,5998707,6647199,7325882,7034557,7269866,7304749,7576098
,Transport & Storage at Basic Prices (Rs Million),,1762192,1869522,1900432,2000902,2090111,2195466,2306455,2489833,2539137,2714827,2791665,2865093,2907974,3059426,3192743,3354065,3448607,3589252,3707938,3990773,3634152,3811190,3980936,4132065,4200059,4306820,4406453
,"Accommodation and Food Services Activities, Hotels & Restaurants at Basic Prices (Rs Million)",,148301,163157,179521,197484,217166,238769,262945,275533,289209,303642,318787,334725,350967,368513,386660,405596,425666,442789,460952,479936,499522,520024,541222,563348,586418.252,610324.4915,634375
,Information and Communication at Basic Prices (Rs Million),,101150,102656,105235,112675,139920,177498,240240,298902,391101,455063,448252,440763,513329,538781,528909,570758,610952,675174,703443,763216,868338,953818,1125119,1118252,1166700,1248721.15,1342621
,Finance and Insurance Activities at Basic Prices (Rs Million),,228780,253572,266571,283228,317471,381984,439568,474188,523940,495489,461583,434421,431637,461759,478651,504669,530185,573828,624079,662149,647435,682988,730220,658921,572347,624443,626432
,Real Estate Activities (OD) at Basic Prices (Rs Million),,950329,985934,1020427,1052954,1089219,1125967,1167041,1211486,1258790,1309316,1361721,1417681,1468632,1533340,1593526,1657449,1735453,1798794,1863846,1932853,2006873,2080095,2156942,2237142,2320700,2407856,2495256
,Public Administration and Social Security (General Government) at Basic Prices (Rs Million),,774211,786888,838038,889991,941657,990795,1085283,1065491,1070320,959590,1039458,1117537,1254957,1380049,1261099,1359824,1458465,1547990,1717130,1776775,1830153,1820093,1853122,1722958,1602278,1740090,1888728
,Education at Basic Prices (Rs Million),,354347,364275,394859,435231,476684,491457,581970,588593,632653,691679,687672,717633,710974,754703,874643,859989,954556,939569,972853,991899,1024760,1012428,1071646,1133051,1247057,1291819,1359431
,Human Health and Social Work Activities at Basic Prices (Rs Million),,118603,123864,130834,140672,147683,155051,171910,191023,206310,267263,286804,291629,320709,347502,367959,394102,419645,470322,497098,535541,568638,585137,600835,657046,679024,700830,748857
,Other Private Services at Basic Prices (Rs Million),,920565,976444,1052933,1110622,1158988,1201350,1301525,1356717,1426140,1514411,1610860,1706065,1806795,1908643,2034281,2155870,2297754,2467019,2655324,2819194,2960260,3110031,3257106,3394654,3518111,3653413,3788108
,GDP {Total of GVA at bp} (Rs Million),,15807077,16382114,16811857,17680556,19040336,20563084,21727753,22838183,23853320,24106914,24652816,25442797,26256028,27268549,28238304,29314628,30508205,31914207,33859620,34916041,34586665,36582482,38843260,38760771,39777011.25,41042446.73,42561786.77
,Taxes at Basic Prices (Rs Million),,899579,933976,946397,1086357,1190433,1170938,1321801,1297188,1359206,1600448,1377395,1456850,1531324,1489924,1591093,1680357,2442880,2483605,2610793,2555422,2449628,2894190,2906476,2672001,2749577,3239611.917,3775595
,Subsidies at Basic Prices (Rs Million),,66630,68479,63099,115988,119242,159065,168958,237776,808196,455579,399218,581713,672621,459678,365702,288529,226036,222184,192402,287359,325947,375056,779803,632838,466788,617533.045,578638
,GDP {GVA + T - S} (Rs Million),,16640026,17247611,17695155,18650926,20111527,21574957,22880596,23897596,24404330,25251783,25630993,26317934,27114731,28298795,29463695,30706456,32725049,34175628,36278011,37184104,36710346,39101616,40969933,40799934,42059800.25,43664525.6,45758743.77
,Net Primary Income (NPI) at Basic Prices (Rs Million),,-256166,-256563,12707,460012,319073,309248,294038,272425,292903,400273,668702,823459,858351,889875,1052148,1228503,1492194,1479873,1484165,1934448,2424050,3275406,2806550,3235842,3193525,4160240,4019288
,Gross National Income at Basic Prices (Rs Million),,16383859,16991048,17707862,19110937,20430601,21884205,23174633,24170020,24697233,25652056,26299695,27141393,27973083,29188670,30515843,31934959,34217243,35655501,37762176,39118552,39134396,42377022,43776483,44035776,45253325.25,47824765.6,49778031.77
,Population (in million),,136,139,142,146,149,153,157,161,165,169,173,177,182,186,191,195,200,205,210,214,218,223,227,231,244.41,249.52,254.64
Agriculture at Basic Prices (% of GDP),,,31.7,30.6,30.2,29.7,28.5,28.2,27.1,26.7,25.8,26.4,25.9,25.8,25.8,25.6,25.3,24.8,24,23.4,22.9,22.4,23.5,23,22.6,23.2,24,23.6,
,Crops (% of GDP),,14.5,13.1,12.3,11.9,11.1,11.6,11,11,10.3,10.6,9.8,9.7,9.5,9.4,9.3,8.9,8.2,7.9,7.8,7.3,7.8,7.8,7.9,7.9,8.5,8.1,
,,Important Crops (% of GDP),7.4,6.4,6,6,5.6,6.2,5.7,5.9,5.4,5.7,5.3,5.3,5.5,5.4,5.6,5.3,4.8,4.7,4.6,4.1,4.4,4.4,4.3,4.4,5,4.2,
,,Other Crops (% of GDP),6.3,5.9,5.6,5.2,4.9,4.7,4.6,4.5,4.4,4.4,3.9,3.9,3.4,3.5,3.2,3.1,3,2.8,2.8,2.8,3.1,3.1,3.3,3.3,3.2,3.7,
,,Cotton Ginning (% of GDP),0.8,0.8,0.7,0.7,0.6,0.8,0.7,0.6,0.6,0.6,0.6,0.5,0.6,0.5,0.5,0.5,0.4,0.4,0.4,0.4,0.3,0.3,0.3,0.2,0.3,0.3,
,Livestock (% of GDP),,15.3,15.6,15.9,15.8,15.4,14.9,14.8,14.4,14.4,14.7,15,15.1,15.3,15.2,15.1,15.1,14.9,14.6,14.3,14.3,14.9,14.4,13.9,14.4,14.7,14.6,
,Forestry (% of GDP),,1.3,1.4,1.4,1.5,1.5,1.2,0.9,0.8,0.6,0.6,0.6,0.6,0.6,0.6,0.6,0.5,0.5,0.5,0.5,0.5,0.5,0.5,0.5,0.6,0.5,0.5,
,Fishing (% of GDP),,0.6,0.6,0.5,0.5,0.5,0.4,0.5,0.5,0.5,0.5,0.5,0.4,0.4,0.4,0.4,0.4,0.4,0.4,0.4,0.3,0.4,0.3,0.3,0.3,0.3,0.3,
Industrial Sector at Basic Prices (% of GDP),,,16.7,17.2,17.1,17.3,18.8,19,18.6,19,19.7,18.7,19,19.3,19.2,18.7,18.8,19.1,19.5,19.5,20,19.5,18.5,19,19.1,18.4,17.8,18.2,
,Mining & Quarrying (% of GDP),,2.4,2.5,2.6,2.7,3.1,2.5,2.5,2.5,2.5,2.5,2.5,2.3,2.3,2.3,2.2,2.2,2.3,2.1,2.2,2.1,2,1.9,1.7,1.6,1.5,1.4,
,Manufacturing (% of GDP),,8.9,9.5,9.6,9.9,10.6,11.4,11.9,12.3,12.5,11.8,11.8,11.7,11.6,11.7,12,12,12,12.1,12.2,12.3,11.5,12,12.5,11.9,11.9,11.8,
,,Large Scale (% of GDP),7.1,7.6,7.7,7.9,8.7,9.5,10,10.3,10.5,9.7,9.6,9.4,9.2,9.3,9.4,9.4,9.3,9.3,9.3,9.4,8.4,8.9,9.3,8.4,8.3,8,
,,Small Scale (% of GDP),0.9,0.9,1,1,1,1,1,1,1.1,1.2,1.2,1.3,1.4,1.4,1.5,1.6,1.6,1.7,1.7,1.8,1.9,1.9,2,2.2,2.3,2.4,
,,Slaughtering (% of GDP),0.9,0.9,1,1,0.9,0.9,0.9,0.9,0.9,0.9,1,1,1,1,1.1,1.1,1.1,1.1,1.1,1.1,1.2,1.2,1.2,1.3,1.3,1.4,
,"Electricity, Gas & Water Supply (% of GDP)",,3,2.8,2.5,2.4,3,2.7,1.6,1.4,1.8,1.7,1.9,2.8,2.7,2.1,2,2.2,2.2,2.2,2.2,2.3,2.4,2.4,2.4,2.6,2.1,2.6,
,Construction (% of GDP),,2.4,2.4,2.3,2.3,2.1,2.4,2.6,2.7,3,2.7,2.9,2.6,2.5,2.6,2.6,2.7,2.9,3.1,3.5,2.8,2.7,2.6,2.5,2.3,2.2,2.3,
,Commodity Producing Sector (% of GDP),,48.5,47.8,47.3,47,47.3,47.2,45.7,45.7,45.5,45.1,44.9,45.1,45,44.3,44.1,43.9,43.4,42.9,42.9,41.9,42.1,42,41.7,41.6,41.8,41.8,
Services Sector at Basic Prices (% of GDP),,,51.5,52.2,52.7,53,52.7,52.8,54.3,54.3,54.5,54.9,55.1,54.9,55,55.7,55.9,56.1,56.6,57.1,57.1,58.1,57.9,58,58.3,58.4,58.2,58.2,
,Wholesale & Retail Trade (% of GDP),,17.6,17.8,17.7,17.8,18.1,19,19.5,19.5,19.5,18.7,18.5,18.2,17.8,17.7,17.9,17.6,17.6,17.9,18.1,18.1,17.3,18.2,18.9,18.1,18.3,17.8,
,Transport & Storage (% of GDP),,11.1,11.4,11.3,11.3,11,10.7,10.6,10.9,10.6,11.3,11.3,11.3,11.1,11.2,11.3,11.4,11.3,11.2,11,11.4,10.5,10.4,10.2,10.6,10.6,10.5,
,Accommodation and Food Services Activities (Hotels & Restaurants) (% of GDP),,0.9,1,1.1,1.1,1.1,1.2,1.2,1.2,1.2,1.3,1.3,1.3,1.3,1.4,1.4,1.4,1.4,1.4,1.4,1.4,1.4,1.4,1.4,1.5,1.5,1.5,
,Information and Communication (% of GDP),,0.6,0.6,0.6,0.6,0.7,0.9,1.1,1.3,1.6,1.9,1.8,1.7,2,2,1.9,1.9,2,2.1,2.1,2.2,2.5,2.6,2.9,2.9,2.9,3,
,Finance and Insurance Activities (% of GDP),,1.4,1.5,1.6,1.6,1.7,1.9,2,2.1,2.2,2.1,1.9,1.7,1.6,1.7,1.7,1.7,1.7,1.8,1.8,1.9,1.9,1.9,1.9,1.7,1.4,1.5,
,Real Estate Activities (OD) (% of GDP),,6,6,6.1,6,5.7,5.5,5.4,5.3,5.3,5.4,5.5,5.6,5.6,5.6,5.6,5.7,5.7,5.6,5.5,5.5,5.8,5.7,5.6,5.8,5.8,5.9,
,Public Administration and Social Security (General Government) (% of GDP),,4.9,4.8,5,5,4.9,4.8,5,4.7,4.5,4,4.2,4.4,4.8,5.1,4.5,4.6,4.8,4.9,5.1,5.1,5.3,5,4.8,4.4,4,4.2,
,Education (% of GDP),,2.2,2.2,2.3,2.5,2.5,2.4,2.7,2.6,2.7,2.9,2.8,2.8,2.7,2.8,3.1,2.9,3.1,2.9,2.9,2.8,3,2.8,2.8,3,3.1,3.1,
,Human Health and Social Work Activities (% of GDP),,0.8,0.8,0.8,0.8,0.8,0.8,0.8,0.8,0.9,1.1,1.2,1.1,1.2,1.3,1.3,1.3,1.4,1.5,1.5,1.5,1.6,1.6,1.5,1.7,1.7,1.7,
,Other Private Services (% of GDP),,5.8,6,6.3,6.3,6.1,5.8,6,5.9,6,6.3,6.5,6.7,6.9,7,7.2,7.4,7.5,7.7,7.8,8.1,8.6,8.5,8.4,8.8,8.8,8.9,
,GDP {Total of GVA at bp} (% of GDP),,100,100,100,100,100,100,100,100,100,100,100,100,100,100,100,100,100,100,100,100,100,100,100,100,100,100,
Agriculture Growth Rates (%),,,,-0.09,1.26,3.56,3.09,6.79,1.89,3.48,0.81,3.41,0.31,2.71,3.23,3.14,2.42,1.78,0.41,2.22,3.88,0.94,3.91,3.52,4.21,2.25,6.4,1.53,2.89
,"Crops, Growth Rates (%)",,,-6.7,-3.16,1.4,0.83,12.92,-0.31,5.67,-2.32,3.95,-5.24,2.08,1.25,2.79,1.83,-0.99,-3.86,1.37,4.61,-4.38,6.32,5.83,8.22,-1.17,10.86,-1.01,1.44
,,"Important Crops, Growth Rates (%)",,-10.13,-3.98,5.52,0.4,20.18,-3.2,8.75,-4.88,7.22,-4.6,3.76,7.25,1.45,6.54,-1.92,-5.21,2.68,4.27,-8.59,5.24,5.82,5.5,0.45,17.08,-13.19,0.65
,,"Other Crops, Growth Rates (%)",,-3.24,-2.53,-2.48,1.5,2.73,4.38,2.77,1.63,0.35,-7.5,1.24,-8.78,6,-5.01,-0.63,1.56,-1.24,4.65,3.62,9.21,7.95,11.9,-1.4,0.1,19.74,2.43
,,"Cotton Ginning, Growth Rates (%)",,-2.66,-1.22,-2.41,-0.47,27.98,-5.6,-0.5,-6.55,0.91,5.83,-7.4,14.04,-3.41,-1.27,6.83,-21.69,5.24,8.27,-11.23,-4.06,-13.08,9.22,-22.84,47.23,-18.99,0.07
,"Livestock, Growth Rates (%)",,,5.62,5.17,4.44,4.74,4.66,4.58,2.81,3.91,3.32,4.04,3.98,4.52,3.31,2.86,3.98,2.38,2.89,3.59,3.65,2.8,2.38,2.25,3.7,4.38,2.95,3.75
,"Forestry, Growth Rates (%)",,,7.78,4.79,12.54,4.01,-15.21,-17.85,-10.31,-17.04,-2.91,6.32,-2.32,2.68,6.41,1.4,-13.49,14.86,-2.92,2.24,7.22,3.36,3.35,0.7,17.4,-1.1,2.88,2.02
,"Fishing, Growth Rates (%)",,,-2.96,-12.34,3.45,1.97,0.57,20.86,0.1,8.18,2.72,1.39,-16.91,3.72,0.65,0.92,5.47,3.23,1.22,1.57,0.78,0.63,0.73,0.35,0.6,0.97,1.43,1.66
Industrial Sector Growth Rates (%),,,,6.66,1.85,6.49,17.19,9.02,3.28,7.27,8.78,-4.15,3.95,4.87,2.33,1.16,4.34,5.4,6.01,4.61,9.18,0.25,-5.75,8.2,7.01,-3.88,-0.97,5.56,3.51
,"Mining & Quarrying, Growth Rates (%)",,,6.09,6.68,9.89,20.89,-10.41,4.91,5.45,3.7,-1.04,2.42,-4.04,5.26,1.77,1.02,3.95,5.64,-0.89,7.26,0.54,-7.17,1.72,-6.66,-3.23,-2.43,-3.73,0.38
,"Manufacturing, Growth Rates (%)",,,10.67,4.27,7.41,16.34,15.73,10.44,8.06,6.14,-3.94,1.73,2.61,2.01,5.37,5.76,4.12,4.03,4.87,7.08,4.52,-7.8,10.52,10.86,-5.26,3.03,1.96,6.61
,,"Large Scale, Growth Rates (%)",,11.78,3.74,7.63,18.86,17.93,10.84,8.6,6.02,-6.06,0.52,1.56,0.85,4.81,5.42,3.32,3.12,4.09,6.92,3.53,-11.23,11.5,11.9,-9.84,0.94,-0.69,6.11
,,"Small Scale, Growth Rates (%)",,7.53,7.69,7.5,7.23,6.89,10.19,6.67,8.28,8.6,8.74,8.53,8.04,8.71,8.29,8.21,8.28,8.78,8.82,9.01,1.37,8.98,8.9,9.18,9.05,8.91,8.5
,,"Slaughtering, Growth Rates (%)",,5.21,5.25,5.49,5.16,4.68,6.54,3.78,4.98,5.46,5.4,5.39,5.09,5.95,5.33,5.42,5.8,5.7,5.76,5.89,5.9,6.11,6.29,6.46,6.6,6.44,6.19
,"Electricity, Gas & Water Supply, Growth Rates (%)",,,-3.99,-8.63,1.86,32.55,-3.57,-37.19,-4.31,31.44,-5.69,16.4,49.35,1.42,-21.15,1.34,10.83,7.1,1.41,7.95,5.55,3.53,9.01,4.36,9.65,-18.03,29.6,-10.63
,"Construction, Growth Rates (%)",,,5.79,-0.49,3.89,0.33,20.87,12.33,12.49,13.37,-6.7,7.27,-7.97,2.17,5.4,3.19,8.33,14.37,10.2,19.55,-18.14,-3.08,2.39,1.83,-10.25,-1.13,8.77,5.73
,"Commodity Producing Sector, Growth Rates (%)",,,2.24,1.48,4.62,8.28,7.68,2.45,5.02,4.12,0.14,1.82,3.63,2.85,2.29,3.23,3.32,2.85,3.29,6.29,0.62,-0.58,5.58,5.47,-0.56,3.14,3.24,3.16
Services Sector Growth Rates (%),,,,4.95,3.68,5.66,7.17,8.28,8.53,5.19,4.72,1.84,2.63,2.86,3.48,5.13,3.82,4.2,5.03,5.62,5.95,5,-1.21,5.91,6.69,0.04,2.25,3.14,4.09
,"Wholesale & Retail Trade, Growth Rates (%)",,,4.87,1.77,5.59,10.07,13.07,8.41,5.12,4.48,-2.9,1.15,1.52,1,3.31,4.43,2.34,4.02,6.45,6.76,3.55,-5.26,10.81,10.21,-3.98,3.35,0.48,3.71
,"Transport & Storage, Growth Rates (%)",,,6.09,1.65,5.29,4.46,5.04,5.06,7.95,1.98,6.92,2.83,2.63,1.5,5.21,4.36,5.05,2.82,4.08,3.31,7.63,-8.94,4.87,4.45,3.8,1.65,2.54,2.31
,"Accommodation and Food Services Activities (Hotels & Restaurants), Growth Rates (%)",,,10.02,10.03,10.01,9.97,9.95,10.13,4.79,4.96,4.99,4.99,5,4.85,5,4.92,4.9,4.95,4.02,4.1,4.12,4.08,4.1,4.08,4.09,4.1,4.08,3.94
,"Information and Communication, Growth Rates (%)",,,1.49,2.51,7.07,24.18,26.86,35.35,24.42,30.85,16.35,-1.5,-1.67,16.46,4.96,-1.83,7.91,7.04,10.51,4.19,8.5,13.77,9.84,17.96,-0.61,4.33,7.03,7.52
,"Finance and Insurance Activities, Growth Rates (%)",,,10.84,5.13,6.25,12.09,20.32,15.08,7.88,10.49,-5.43,-6.84,-5.88,-0.64,6.98,3.66,5.44,5.06,8.23,8.76,6.1,-2.22,5.49,6.92,-9.76,-13.14,9.1,0.32
,"Real Estate Activities (OD), Growth Rates (%)",,,3.75,3.5,3.19,3.44,3.37,3.65,3.81,3.9,4.01,4,4.11,3.59,4.41,3.93,4.01,4.71,3.65,3.62,3.7,3.83,3.65,3.69,3.72,3.74,3.76,3.63
,"Public Administration and Social Security (General Government), Growth Rates (%)",,,1.64,6.5,6.2,5.81,5.22,9.54,-1.82,0.45,-10.35,8.32,7.51,12.3,9.97,-8.62,7.83,7.25,6.14,10.93,3.47,3,-0.55,1.81,-7.02,-7,8.6,8.54
,"Education, Growth Rates (%)",,,2.8,8.4,10.22,9.52,3.1,18.42,1.14,7.49,9.33,-0.58,4.36,-0.93,6.15,15.89,-1.68,11,-1.57,3.54,1.96,3.31,-1.2,5.85,5.73,10.06,3.59,5.23
,"Human Health and Social Work Activities, Growth Rates (%)",,,4.44,5.63,7.52,4.98,4.99,10.87,11.12,8,29.54,7.31,1.68,9.97,8.35,5.89,7.1,6.48,12.08,5.69,7.73,6.18,2.9,2.68,9.36,3.34,3.21,6.85
,"Other Private Services, Growth Rates (%)",,,6.07,7.83,5.48,4.35,3.66,8.34,4.24,5.12,6.19,6.37,5.91,5.9,5.64,6.58,5.98,6.58,7.37,7.63,6.17,5,5.06,4.73,4.22,3.64,3.85,3.69
,"GDP {Total of GVA at bp}, Growth Rates (%)",,,3.64,2.62,5.17,7.69,8,5.66,5.11,4.44,1.06,2.26,3.2,3.2,3.86,3.56,3.81,4.07,4.61,6.1,3.12,-0.94,5.77,6.18,-0.21,2.62,3.18,3.7
Agriculture at Current Prices (Rs Million),,,1306700,1365595,1368995,1457957,1674713,1859557,1978348,2226119,2573865,3203919,3745254,4699861,5225561,5936896,6566880,7077924,7306957,7808538,8485078,9056577,10389544,12653889,14882612,19596632,24976111,26201175,28475547
,Crops at Current Prices (Rs Million),,632036,627399,597447,635900,747929,820381,829576,963924,1155583,1517297,1706004,2195438,2051226,2290041,2633471,2547731,2497153,2814824,2997673,3026409,3704256,4720729,5791412,7801117,10495230,9158480,9859889
,,Important at Current Prices Crops (Rs Million),329177,321979,296122,342983,425101,459710,439860,521565,660696,948924,1087320,1429861,1259075,1372518,1674251,1521971,1462455,1665727,1724508,1692431,2015035,2730576,3278811,4598141,6591275,4517528,5079415
,,Other Crops at Current Prices (Rs Million),258904,257175,257530,243160,259922,299297,327948,375466,418897,477732,490934,577373,628689,757992,781644,866448,912388,995393,1096907,1152141,1502853,1798827,2194185,2924717,3429999,4289700,4436521
,,Cotton Ginning at Current Prices (Rs Million),43954,48244,43795,49757,62907,61375,61769,66893,75990,90641,127750,188204,163462,159532,177577,159312,122310,153704,176258,181837,186368,191326,318416,278259,473956,351252,343953
,Livestock at Current Prices (Rs Million),,599267,656752,686998,730156,815702,930203,1047613,1162587,1326941,1583083,1912231,2371802,3016234,3459424,3717233,4309498,4531885,4681073,5163098,5681368,6301160,7504838,8644011,11210370,13817927,16299968,17791259
,Forestry at Current Prices (Rs Million),,48169,54589,58294,67862,85652,83960,70413,69205,58074,64055,79342,93278,115070,130495,141033,134536,161737,159493,165288,184508,197771,236197,252747,364003,406305,463064,527851
,Fishing at Current Prices (Rs Million),,27228,26855,26255,24038,25430,25012,30746,30403,33268,39484,47677,39342,43031,56936,75142,86158,116182,153148,159019,164292,186357,192125,194442,221142,256649,279663,296548
Industrial Sector at Current Prices (Rs Million),,,884458,995056,1034701,1144451,1439151,1718074,1957107,2226901,2680630,2990734,3460707,4180311,4906519,5231567,5832632,5964268,5939635,6434821,7285014,8568673,8837507,10551041,13606601,17331360,21392600,22998304,25314302
,Mining & Quarrying at Current Prices (Rs Million),,109523,132972,150532,176615,216390,216488,285481,331686,375077,459762,549269,547196,714406,759029,818983,786726,691258,706614,847753,1156829,1230493,1264280,1488638,1789766,2271331,2277653,2501541
,Manufacturing at Current Prices (Rs Million),,468087,537590,565261,629065,795645,1013842,1222202,1393587,1676541,1844016,2151777,2640236,3069947,3335808,3749598,3742822,3668778,4017236,4547093,5513025,5427248,6663895,9171212,11415656,13836554,14818820,16807936
,,Large Scale at Current Prices (Rs Million),391308,453039,475458,530308,677586,871600,1059972,1208353,1465583,1576860,1810245,2206129,2556200,2757695,3075033,2990836,2841709,3083146,3499175,4266145,4026236,4933633,7040683,8536018,10138637.72,10445058.7,11869990.76
,,Small Scale at Current Prices (Rs Million),46837,52614,55981,59860,69489,79742,91668,103220,120580,152458,192339,249117,281836,328826,389099,442268,494949,575507,633065,772543,851921,1038496,1286555,1732217,2252074.281,2623931.363,2995698.358
,,Slaughtering at Current Prices (Rs Million),29942,31937,33822,38897,48570,62500,70563,82015,90378,114698,149194,184990,231911,249287,285466,309719,332121,358582,414852,474337,549090,691765,843974,1147421,1445841.996,1749829.936,1942246.885
,"Electricity, Gas & Water Supply at Current Prices (Rs Million)",,168854,175047,168964,179650,244514,245599,166287,166434,218907,231821,297922,505198,547867,480614,537920,618222,681030,684635,601438,723614,936384,1239849,1096839,1966814,2804689,3012456,2952845
,Construction at Current Prices (Rs Million),,137994,149448,149945,159122,182602,242145,283137,335194,410105,455134,461740,487682,574299,656116,726132,816498,898569,1026336,1288730,1175205,1243382,1383017,1849912,2159124,2480026,2889375,3051980
Commodity Producing Sector at Current Prices (Rs Million),,,2191158,2360651,2403696,2602408,3113864,3577631,3935455,4453021,5254495,6194653,7205962,8880172,10132080,11168464,12399512,13042192,13246592,14243359,15770092,17625250,19227051,23204930,28489213,36927992,46368711,49199479,53789849
Services Sector at Current Prices (Rs Million),,,2679799,2995586,3307196,3616108,4084553,4633379,5253232,6208194,7110124,7853603,8682643,10221972,11527570,12991390,14413396,16030356,17261613,18931611,20744074,23484914,25519825,29049079,34816267,42636272,53368504,58024558.42,64200704
,Wholesale & Retail Trade at Current Prices (Rs Million),,794014,874619,900332,986581,1174374,1473204,1767758,2000067,2416316,2750622,3150498,3837273,4420802,4843685,5378156,5419114,5380330,5910874,6647619,7719369,7827884,9587513,13067848,15855830,19250836,19941130.74,22475673
,Transport & Storage at Current Prices (Rs Million),,603577,714917,837017,927814,1074333,1112078,1092717,1497592,1576760,1523625,1513782,1694240,1640908,2013535,2163837,2979036,3448607,3605358,3413093,3663539,3976118,4668572,4399679,4318117,7184114,9886599.81,10088063
,Accommodation and Food Services Activities (Hotels & Restaurants) at Current Prices (Rs Million),,26316,30001,33764,37687,43302,55092,68477,84494,94702,113752,140710,176774,219788,265614,325628,376985,425666,474246,537789,587976,620711,726385,822966,1201656,1534879,1758815.47,1913589
,Information and Communication at Current Prices (Rs Million),,80798,90303,101957,119299,141086,169671,170216,193629,251674,286593,303494,348620,420013,451631,470239,522249,610952,672357,687372,764469,929777,1019851,1229714,1314876,1573673,1756336.8,1930265
,Finance and Insurance Activities at Current Prices (Rs Million),,95542,112034,130684,120605,116295,179883,274179,333391,390650,476620,468172,532655,565290,510790,571655,580642,530185,573387,673401,904881,1088992,925285,1514327,3189460,3669283,2145303,2377015
,Real Estate Activities (OD) at Current Prices (Rs Million),,362443,396302,432097,458928,478928,497817,536598,608963,709327,804178,897433,1008091,1118242,1246803,1400379,1565349,1735453,1951033,2133802,2356250,2572654,2806288,3083508,3366051,3705332,4067745,4534917
,Public Administration and Social Security (General Government) at Current Prices (Rs Million),,256665,272371,302868,333030,363287,399718,471059,506912,548781,551045,657194,803079,1001081,1181891,1173126,1322214,1458465,1622405,1891699,2102445,2385741,2567759,2942698,3474295,4000127,4581084,5316068
,Education at Current Prices (Rs Million),,118808,126562,142235,164820,189072,202080,243767,264329,303978,349073,383665,429057,478376,554084,707019,791832,954556,1031740,1228677,1373330,1494309,1488542,1646706,1886354,2269407,2565014.75,2945445
,Human Health and Social Work Activities at Current Prices (Rs Million),,39518,44472,50644,55723,60342,64346,71402,81320,98061,142586,162388,180848,228238,288305,330731,377256,419645,506166,608073,701212,792130,882244,982782,1222837,1473457,1761028.34,2001413
,Other Private Services at Current Prices (Rs Million),,302118,334005,375598,411621,443534,479490,557060,637498,719877,855509,1005306,1211334,1434830,1635051,1892625,2095681,2297754,2584045,2922549,3311443,3831509,4376640,5126039,6806796,8707396,9561500.51,10618256
,GDP {Total of GVA at bp} at Current Prices (Rs Million),,4870957,5356237,5710892,6218516,7198417,8211010,9188688,10661214,12364620,14048256,15888604,19102143,21659650,24159853,26812907,29072548,30508205,33174970,36514166,41110164,44746876,52254009,63305480,79564264,99737215,107224037.4,117990553
,Taxes at Current Prices (Rs Million),,298227,323284,342029,406509,459264,472394,573718,617143,696900,919059,870853,1046915,1221540,1275990,1480099,1633881,2442880,2603563,2876571,3015143,3184272,4068363,4568689,5327680,6804791,8443725,10313792
,Subsidies at Current Prices (Rs Million),,22089,23703,22804,43402,46003,64172,73335,113123,414383,261617,252404,418028,536551,393674,340191,280549,226036,225714,200927,326906,390739,486147,1216301,1241114,1251769,1628410,1434211
,GDP {GVA + T - S} at Current Prices (Rs Million),,5147095,5655818,6030117,6581623,7611678,8619232,9689071,11165234,12647137,14705698,16507053,19731030,22344639,25042169,27952815,30425880,32725049,35552819,39189810,43798401,47540409,55836225,66657868,83650830,105290237,114039352.4,126870134
,Net Primary Income (NPI) at Current Prices (Rs Million),,-54577,-62978,3120,117110,93279,99822,111341,110989,152330,260358,461787,686169,870839,973135,1200429,1409327,1492194,1460043,1539673,2135631,2730935,3907559,4503951,5174759,5814769,8003470,9011846
,Gross National Income at Current Prices (Rs Million),,5092518,5592840,6033237,6698733,7704956,8719054,9800412,11276223,12799466,14966056,16968840,20417199,23215478,26015304,29153244,31835207,34217243,37012862,40729483,45934032,50271344,59743784,71161819,88825589,111105006,122042822.4,135881980
,Per Capita Income (Rs Million),,37570,40273,42403,45951,51586,56973,62500,70183,77746,88717,98165,115264,127898,139860,152940,162969,170924,180401,194181,214695,230349,268403,313488,383779,454584.5342,489110.3816,533623.8611
,Per Capita Income(US $),,726,689,690,785,896,960,1044,1158,1243,1130,1171,1348,1433,1446,1487,1609,1640,1723,1768,1578,1458,1677,1766,1547,1606.873574,1750.893814,1901.385573
,GDP Deflator Index,,30.93,32.79,34.08,35.29,37.85,39.95,42.35,46.72,51.82,58.24,64.4,74.97,82.41,88.49,94.87,99.09,100,103.95,108,117.8,129.5,142.84,162.98,205.27,250.7408472,261.2515724,277.2218038
,GDP Deflator (Growth %),,,6.01,3.92,3.55,7.25,5.56,6,10.33,10.92,12.37,10.59,16.41,9.92,7.38,7.21,4.44,0.92,3.95,3.9,9.07,9.93,10.3,14.1,25.95,22.15168054,4.191867933,6.112970444
Household Final Consumption Expenditure (at constant prices of 2015-16),,,13671826,14215931,14246378,14716159,15927131,17886931,18184074,19112458,19426988,19544835,19981481,20790707,21607156,22234152,23505265,24210748,26106975,27915885,29915812,31583262,30674157,33595078,35968918,36685392,38920365.54,39731261.21,40056413.27
NPISH Final Consumption Expenditure (at constant prices of 2015-16),,,157653,160855,170354,180566,190712,195118,195174,197903,208646,213959,218567,221527,234006,252319,262488,279002,296722,317125,352015,370679,374912,384937,378011,389766,393407.0063,433418.5083,452601.0381
General Government Final Consumption Expenditure (at constant prices of 2015-16),,,1541505,1413037,1606220,1688866,1925068,1950092,2555892,2409366,2574416,2896645,2807831,2752091,2801353,2983898,2993109,3048602,3471786,3627594,3826636,3766290,4086774,4161026,4105674,3945893,3600628,3994792,4443401
Total Gross Capital Formation (at constant prices of 2015-16),,,2750112,2881020,2820305,3071075,3361722,3671931,4327124,4477887,4637363,4477333,4172535,3862429,4001746,4108512,4249721,4782669,5214981,5601581,6153971,5557257,5220581,5429828,5679486,4877071,4846263.998,5469165.305,5827927.901
Gross Fixed Capital Formation (at constant prices of 2015-16),,,2465567,2586086,2517718,2752144,3017815,3303000,3935866,4069238,4220049,4045528,3734245,3412393,3538085,3624603,3745892,4257588,4657149,5017178,5533617,4921409,4592834,4761190,4978900,4179392,4127041.414,4722501.917,5045453.383
,Private Sector GFCF (at constant prices of 2015-16),,1759904,1858920,2002787,2242883,2393746,2584124,3082197,3092556,3180257,3040759,2855245,2642382,2663827,2769275,2931166,3213075,3537220,3621176,3879013,3812927,3627468,3681814,3758192,3226094,3315587.674,3565330.18,3872290.493
,Public Sector GFCF (at constant prices of 2015-16),,484162,509410,303174,251814,277914,308529,348119,342023,333389,242526,248181,204281,187894,314655,228254,303247,252053,353002,418721,404028,257481,272571,285204,195381,179427.5913,184412.7374,202785.8895
,General Govt. GFCF (at constant prices of 2015-16),,221502,217756,211757,257447,346154,410347,505550,634660,706404,762243,630819,565729,686363,540674,586472,741267,867876,1043000,1235883,704454,707885,806805,935504,757917,632026.1481,972759,970377
Change in Inventories (at constant prices of 2015-16),,,266240,275962,283122,298415,321784,345199,366090,382362,390469,404029,410096,421087,433836,452781,471419,491303,523601,546810,580448,594946,587366,625626,655519,652799,672956.804,698632.4097,732139.9003
Valuable assets (at constant prices of 2015-16),,,18304,18972,19465,20516,22123,23732,25169,26287,26845,27777,28194,28950,29826,31129,32410,33777,34231,37593,39906,40903,40381,43012,45067,44880,46265.78028,48030.97816,50334.61815
,Export of Goods and Non-Factor Services (at constant prices of 2015-16),,1376996,1560817,1765722,2222112,2192028,2577591,2863978,2951626,3021990,2852296,3076318,3161765,2753084,3005064,2930450,2818233,2859095,2929753,3223918,3648583,3703874,3945411,4179734,4301175,4244016.001,4280620.197,4531931.396
,Imports of Goods and Non-Factor Services (at constant prices of 2015-16),,2858066,2984049,2913824,3227853,3485135,4706706,5245646,5251645,5465073,4733285,4625738,4470585,4282614,4285150,4477338,4432797,5224509,6216310,7194340,7741968,7349952,8414664,9341889,9399363,9944880.293,10244731.62,9553530.832
Expenditure on GDP at Market Prices (at constant prices of 2015-16),,,16640026,17247611,17695155,18650926,20111527,21574957,22880596,23897596,24404330,25251783,25630993,26317934,27114731,28298795,29463695,30706456,32725049,34175628,36278011,37184104,36710346,39101616,40969933,40799934,42059800.25,43664525.6,45758743.77
Net Primary Income (at constant prices of 2015-16),,,-256166,-256563,12707,460012,319073,309248,294038,272425,292903,400273,668702,823459,858351,889875,1052148,1228503,1492194,1479873,1484165,1934448,2424050,3275406,2806550,3235842,3193525,4160240,4019288
Expenditure on GNI at Market Prices (at constant prices of 2015-16),,,16383859,16991048,17707862,19110937,20430601,21884205,23174633,24170020,24697233,25652056,26299695,27141393,27973083,29188670,30515843,31934959,34217243,35655501,37762176,39118552,39134396,42377022,43776483,44035776,45253325.25,47824765.6,49778031.77
GNI at Basic Prices (at constant prices of 2015-16),,,15550911,16125551,16824564,18140568,19359409,20872332,22021790,23110608,24146223,24507187,25321518,26266256,27114380,28158424,29290452,30543131,32000399,33394080,35343785,36850489,37010715,39857888,41649810,41996613,42970536.25,45202686.73,46581074.77
Household Final Consumption Expenditure at Current Prices (Rs Million),,,3858189,4337323,4522052,4886736,5758860,6812136,7482549,8793295,10266053,11559098,13040094,15732043,18203589,20141465,22717649,24416016,26106974,28800377,31906384,36301307,38265131,46061461,56663411,68793024,88241966.14,94140747.92,104845398.8
NPISH Final Consumption Expenditure at Current Prices (Rs Million),,,52265,55678,61566,67567,73576,78717,84714,94153,106978,122866,138188,159193,186667,216089,244177,271285,296722,332379,386231,434362,487348,541106,594195,777155,973643,1129662,1264341
General Government Final Consumption Expenditure at Current Prices (Rs Million),,,510387,489551,580614,640472,737327,789604,1120889,1161463,1338332,1695394,1802365,2017811,2256651,2569278,2802934,2978378,3471786,3823258,4308381,4708220,5604444,6102658,6993667,8653074,9326019,10611854,12606585
Total Gross Capital Formation at Current Prices (Rs Million),,,839526,904756,902251,1007967,1191286,1402042,1771377,1957928,2276032,2584929,2634782,2886971,3389455,3751913,4167081,4810615,5214981,5806803,6689031,6788597,7043368,8115623,10372326,11684471,13898992.39,16442406.21,18240724.83
Gross Fixed Capital Formation at Current Prices (Rs Million),,,751511,808042,799136,895421,1061127,1254654,1605694,1767003,2059766,2333461,2352511,2549570,3007362,3323692,3689088,4290332,4657149,5198850,6018885,6039644,6230427,7160824,9232476,10254042,12098529.34,14492333.29,16071245.54
,Private Sector GFCF at Current Prices (Rs Million),,530019,574161,633329,723172,841576,984892,1256759,1344761,1548706,1750808,1781573,1948560,2245994,2524774,2866970,3235480,3537220,3745750,4211187,4665930,4885372,5502024,6903875,7779813,9525191.34,10778461.31,12161895.28
,Public Sector GFCF at Current Prices (Rs Million),,159700,170692,102572,91877,103299,123078,149835,155070,170856,146117,159518,153745,162104,292145,227612,305802,252053,363686,448598,475183,349556,417382,530539,539659,634819.0018,673707.982,751741.258
,General Govt. GFCF at Current Prices (Rs Million),,61792,63188,63236,80373,116251,146684,199100,267172,340204,436537,411420,447266,599264,506773,594507,749050,867876,1089414,1359100,898531,995499,1241418,1798062,1934570,1938519,3040164,3157609
Change in Inventories at Current Prices (Rs Million),,,82354,90493,96482,105306,121787,137908,155025,178644,202354,235291,264113,315696,357514,400675,447245,486814,523601,568845,627037,700774,760647,893380,1066526,1338413,1684643.792,1824629.639,2029922.144
Valuable at Current Prices (Rs Million),,,5662,6221,6633,7240,8373,9481,10658,12282,13912,16176,18158,21704,24579,27546,30748,33468,34231,39108,43109,48178,52294,61420,73324,92016,115819.2607,125443.2877,139557.1474
,Export of Goods and Non-Factor Services at Current Prices (Rs Million),,495646,600997,679170,800631,869480,1056015,1215876,1297967,1501951,1822181,2086033,2660247,2653194,3049510,3129310,3034851,2859095,2923015,3363191,4113048,4420573,5054072,7026133,8778284,10929758.96,11393996.42,11328646.53
,Imports of Goods and Non-Factor Services at Current Prices (Rs Million),,608919,732487,715537,821750,1018851,1519282,1986334,2139572,2842209,3078770,3194408,3725235,4344917,4686085,5108336,5085264,5224509,6133012,7463408,8547132,8280456,10038695,14991863,15035178,18080142.49,19679314.13,21415562.12
Expenditure on GDP at Market Prices at Current Prices (Rs Million),,,5147095,5655818,6030117,6581623,7611678,8619232,9689071,11165234,12647137,14705698,16507053,19731030,22344639,25042169,27952815,30425880,32725049,35552819,39189810,43798401,47540409,55836225,66657868,83650830,105290237,114039352.4,126870134
,Net Primary Income at Current Prices (Rs Million),,-54577,-62978,3120,117110,93279,99822,111341,110989,152330,260358,461787,686169,870839,973135,1200429,1409327,1492194,1460043,1539673,2135631,2730935,3907559,4503951,5174759,5814769,8003470,9011846
,Expenditure on GNI at Market Prices at Current Prices (Rs Million),,5092518,5592840,6033237,6698733,7704956,8719054,9800412,11276223,12799466,14966056,16968840,20417199,23215478,26015304,29153244,31835207,34217243,37012862,40729483,45934032,50271344,59743784,71161819,88825589,111105006,122042822.4,135881980
GNI at Basic Prices at Current Prices (Rs Million),,,4816380,5293259,5714012,6335626,7291695,8310832,9300029,10772203,12516949,14308614,16350391,19788312,22530489,25132988,28013336,30481875,32000399,34635013,38053839,43245795,47477811,56161568,67809431,84739023,105551984,115227507.4,127002399
Private & Public at Current Prices GFCF (Rs Million),,,689719,744853,735900,815048,944875,1107969,1406593,1499831,1719562,1896925,1941091,2102305,2408098,2816919,3094581,3541282,3789273,4109436,4659785,5141113,5234928,5919406,7434414,8319472,10160010.34,11452169.29,12913636.54
,"Private & Public GFCF of Agriculture, Forestry & Fishing at Current Prices (Rs Million)",,178847,178013,187506,200019,222088,249715,275107,297228,331561,403760,466090,555388,661546,745766,779362,885148,904250,965529,1050711,1138639,1251854,1523084,1825742,2347313,3018749,3306240,3594342
,Private & Public GFCF of Mining and Quarrying at Current Prices (Rs Million),,19099,23033,26738,80416,52480,18728,30042,40865,33507,50698,66063,48621,61472,51243,80553,87818,122166,100586,71969,73327,90144,62148,69707,102972,155284,171700,197973
,Private & Public GFCF of Manufacturing at Current Prices Rs Million),,120178,135820,148667,145265,183752,219072,298925,282402,328195,374469,295540,292581,323126,416260,431221,484639,723845,755058,810934,891741,870779,958082,1134483,1119667,1228095,1283207,1348918
,,Private & Public GFCF of LSM at Current Prices (Rs Million),112331,127084,139017,134355,170635,203841,281328,262313,304217,345014,258293,243309,266845,351715,357556,403087,633494,649780,694141,749597,699962,772726,913781,919905,1030419,1035351,1038920
,,Private & Public GFCF of Small Scale (including Slaughtering) at Current Prices (Rs Million),7847,8736,9650,10910,13117,15231,17597,20089,23977,29455,37247,49272,56281,64545,73665,81552,90351,105278,116793,142144,170817,185356,220702,199762,197676,247856,309998
,Private & Public GFCF of Electricity Gas and Water Supply at Current Prices (Rs Million),,79740,81073,44486,55862,38447,48839,63595,57043,75889,114322,110590,144744,149597,181110,125607,240269,201651,191259,387511,461987,314993,336502,367600,474826,661297.2846,732639.8972,776255.4761
,Private & Public GFCF of Construction at Current Prices (Rs Million),,15165,14063,16815,6274,9069,20138,27088,34929,35137,47973,33244,23816,32651,37563,62381,52558,64882,111621,84984,44489,50961,50710,95807,76967,79537.05739,116715.3905,168284.0627
,Private & Public GFCF of Wholesale and Retail Trade at Current Prices (Rs Million),,26469,29168,30741,34279,40819,49532,59753,67618,81730,94254,109239,135134,151744,168683,191134,195579,202799,231144,301783,430297,408671,458047,470201,402591,514834,730509,1187034
,Private & Public GFCF of Accommodation and Food Services Activities (Hotels & Restaurants) at Current Prices (Rs Million),,11024,11934,12781,13908,15570,17252,19779,22008,26203,32431,38440,48499,55745,62285,70111,72741,74922,92968,85589,85772,57994,57050,58629,48220,61631,214021,241407
,Private & Public GFCF of Transport and Storage at Current Prices (Rs Million),,58912,72697,64835,66913,104123,129890,169229,154780,167796,142976,186838,193984,211302,289424,271493,371233,416691,492166,610512,558132,364876,604019,829445,614788,632105,660874,719068
,Private & Public GFCF of Information and Communication at Current Prices (Rs Million),,22319,30471,21682,15418,44137,89417,166525,212540,262040,178003,168358,103667,99348,113497,249769,252862,158036,157208,143185,155142,368840,231062,412601,185824,200248,236112,453001
,Private & Public GFCF of Finance and Insurance Activities at Current Prices (Rs Million),,8380,7101,10254,11332,14256,15905,20463,27485,33839,34989,30002,27933,35176,46406,39608,48237,56520,65697,61650,72956,78146,95648,119339,140900,202973,279867,314671
,Private & Public GFCF of Real Estate Activities (OD) at Current Prices (Rs Million),,103737,110481,116065,123071,145817,166565,181368,198215,222394,275151,270931,323752,386564,435686,486036,524307,523819,562916,613462,709639,803990,901130,1230687,1676199,2018618,2218779,2297057
,Private & Public GFCF of Public Administration and Defence; compulsory social security at Current Prices (Rs Million),,50868,52017,52057,66164,95700,120753,163902,232436,270800,359162,340511,370178,487649,427367,514388,624622,750084,967642,1229418,804220,888918,1070774,1634531,1777696,1798449.047,2753287,2819937
,Private & Public GFCF of Education at Current Prices (Rs Million),,24228,26007,27517,32435,42834,49198,56444,63119,77376,91044,90197,101647,136705,118919,145952,168035,179991,182153,190376,198774,217294,271247,312379,401008,448371.8273,580257,644862
,Private & Public GFCF of Human Health and Social Work Activities at Current Prices (Rs Million),,12122,13054,13670,16225,20686,24662,31237,29043,56503,64030,61797,72141,88672,87052,75624,107012,92531,108840,128714,118991,146936,181159,230726,289265,349849.5809,421449,449712
,Private & Public GFCF of Other Private Services at Current Prices (Rs Million),,20424,23108,25323,27841,31349,34987,42237,47290,56797,70199,84673,107488,126065,142432,165847,175272,184962,214063,248085,295537,316032,360161,440599,595806,728488,786676,858724
Private Sector GFCF at Current Prices (Rs Million),,,530019,574161,633329,723172,841576,984892,1256759,1344761,1548706,1750808,1781573,1948560,2245994,2524774,2866970,3235480,3537220,3745750,4211187,4665930,4885372,5502024,6903875,7779813,9525191.34,10778461.31,12161895.28
,"Private Sector GFCF of Agriculture, forestry and fishing at Current Prices (Rs Million)",,175926,177333,183538,198631,221979,249493,274829,296965,331260,403458,465763,555042,661131,745632,779231,884988,904045,965346,1050469,1138425,1251552,1522821,1825428,2346744,3018032,3305216,3593283
,,Private Sector GFCF of Crops at Current Prices (Rs Million),66641,64190,64975,72788,79188,84334,90585,92373,97116,121126,133870,150021,156473,173954,167033,193793,176622,212925,233258,237615,240929,314441,409345,516968,743481,714603,734367
,,Private Sector GFCF of Cotton Ginning at Current Prices (Rs Million),313,327,356,359,399,435,437,460,519,577,600,705,857,912,983,1029,1042,1097,1150,1274,1487,1748,2128,3530,4577,4843,5036
,,Private Sector GFCF of Livestock at Current Prices (Rs Million),94974,98453,102640,109418,125104,146122,165408,184881,212171,258279,307248,377299,471455,536959,575065,652852,689165,712747,776275,855920,958893,1148439,1344047,1711993,2122123,2430469,2694075
,,Private Sector GFCF of Forestry at Current Prices (Rs Million),407,426,465,470,522,571,574,605,684,762,793,934,1137,1162,1309,1373,1392,1468,1542,1712,2000,2355,2872,4772,6198,6566,6842
,,Private Sector GFCF of Fishing at Current Prices (Rs Million),13590,13939,15102,15596,16765,18030,17825,18647,20770,22713,23253,26082,31209,32646,34841,35941,35824,37109,38244,41904,48243,55838,67036,109481,141653,148735,152963
,Private Sector GFCF of Mining and quarrying at Current Prices (Rs Million),,17380,16155,19247,70608,49338,13688,23909,20386,23153,36038,53399,36470,43398,36040,58620,56115,94113,38057,47723,55204,65017,36853,45096,79240,135843,139834,157855
,Private Sector GFCF of Manufacturing at Current Prices (Rs Million),,98991,121927,147269,143865,180342,216932,295316,279577,327027,372319,294108,289967,320242,410482,425367,482879,722512,726853,802299,889976,862159,943687,1112402,1111127,1213927,1278694,1340037
,,Private Sector GFCF of Large Scale at Current Prices (Rs Million),91144,113191,137619,132955,167225,201701,277719,259488,303049,342864,256861,240695,263961,345937,351702,401327,632161,621575,685506,747832,691342,758331,891700,911365,1016251,1030838,1030039
,,Private Sector GFCF of Small Scale (including Slaughtering) at Current Prices (Rs Million),7847,8736,9650,10910,13117,15231,17597,20089,23977,29455,37247,49272,56281,64545,73665,81552,90351,105278,116793,142144,170817,185356,220702,199762,197676,247856,309998
,"Private Sector GFCF of Electricity, gas, and water supply at Current Prices (Rs Million)",,7983,9062,14614,13036,7890,9735,12137,13342,20327,49311,32650,64890,78225,27945,41536,77042,46543,44640,126854,86747,78541,71544,102146,140649,198275.2828,254171.9152,273565.2181
,Private Sector GFCF of Construction at Current Prices (Rs Million),,12614,11991,13586,3530,5811,16042,20713,22081,20708,33248,23295,16026,21274,21562,42461,42986,59704,105809,78378,43519,46805,40935,59687,36644,52442.05739,81068.39052,129998.0627
,Private Sector GFCF of Wholesale and retail trade at Current Prices (Rs Million),,26469,29168,30741,34279,40819,49532,59753,67618,81730,94254,109239,135134,151744,168683,191134,195579,202799,231144,301783,430297,408671,458047,470201,402591,514834,730509,1187034
,Private Sector GFCF of Accommodation and food service activities (Hotels and Restaurants) at Current Prices (Rs Million),,11024,11934,12781,13908,15570,17252,19779,22008,26203,32431,38440,48499,55745,62285,70111,72741,74922,92968,85589,85772,57994,57050,58629,48220,61631,214021,241407
,Private Sector GFCF of Transportation and storage at Current Prices (Rs Million),,22301,25164,29089,46408,63941,83377,117058,113091,119457,120410,155989,164449,180816,218541,219732,316869,389786,422421,495270,515888,340198,547769,772818,551408,583050,622847,661567
,Private Sector GFCF of Information and communication at Current Prices (Rs Million),,2717,5022,2544,4440,22624,64514,138594,183302,224895,156566,146323,85501,78862,93094,210756,213380,129729,123564,116808,126389,326496,196051,311841,137142,159234,182342,382514
,Private Sector GFCF of Financial and insurance activities at Current Prices (Rs Million),,5028,4925,8524,9104,13128,14845,18585,23458,30281,29723,25680,24644,28165,35828,34679,42702,49556,48748,55057,65082,70269,84213,94767,120644,182666,249474,281952
,Private Sector GFCF of Real estate activities (Ownership of Dwellings) at Current Prices (Rs Million),,103737,110481,116065,123071,145817,166565,181368,198215,222394,275151,270931,323752,386564,435686,486036,524307,523819,562916,613462,709639,803990,901130,1230687,1676199,2018618,2218779,2297057
,Private Sector GFCF of Education at Current Prices (Rs Million),,19020,20682,22188,25661,33037,36836,39664,42819,46869,55725,54842,63212,74595,82271,91246,97921,99588,108127,121144,139770,160611,169452,230595,315190,381362,417117,429696
,Private Sector GFCF of Human health and social work activities at Current Prices (Rs Million),,6406,7209,7820,8790,9932,11093,12819,14607,17605,21973,26243,33488,39168,44295,50212,52698,55142,61094,68266,83685,97037,112311,148979,218209,276789,297712,327206
,Private Sector GFCF of Other Private Services at Current Prices (Rs Million),,20424,23108,25323,27841,31349,34987,42237,47290,56797,70199,84673,107488,126065,142432,165847,175272,184962,214063,248085,295537,316032,360161,440599,595806,728488,786676,858724
Public Sector and General Govt. GFCF at Current Prices (Rs Million),,,221491,233880,165807,172249,219550,269762,348935,422242,511060,582654,570938,601011,761368,798918,822118,1054852,1119929,1453100,1807698,1373714,1345055,1658800,2328601,2474229,2573338.002,3713871.982,3909350.258
Public Sector GFCF (Autonomous & Semi Auto-Bodies) at Current Prices (Rs Million),,,159700,170692,102572,91877,103299,123078,149835,155070,170856,146117,159518,153745,162104,292145,227612,305802,252053,363686,448598,475183,349556,417382,530539,539659,634819.0018,673707.982,751741.258
,"Public Sector GFCF of Agriculture, Forestry & Fishing at Current Prices (Rs Million)",,2921,680,3968,1388,109,222,279,263,301,302,327,345,414,134,131,159,205,183,242,214,302,263,314,569,717,1024,1059
,Public Sector GFCF of Mining and Quarrying at Current Prices (Rs Million),,1719,6878,7491,9808,3142,5040,6133,20479,10354,14660,12664,12151,18074,15203,21933,31703,28053,62529,24246,18123,25127,25295,24611,23732,19441,31866,40118
,Public Sector GFCF of Manufacturing (Large Scale) at Current Prices (Rs Million),,21187,13893,1398,1400,3410,2140,3609,2825,1168,2150,1432,2614,2883,5778,5854,1760,1333,28205,8635,1765,8620,14395,22081,8540,14168,4513,8881
,"Public Sector GFCF of Electricity, Gas & Water Supply at Current Prices (Rs Million)",,71757,72011,29872,42826,30557,39104,51458,43701,55562,65011,77940,79854,71372,153165,84071,163227,155108,146619,260657,375240,236452,264958,265454,334177,463022.0018,478467.982,502690.258
,Public Sector GFCF of Construction at Current Prices (Rs Million),,2551,2072,3229,2744,3258,4096,6375,12848,14429,14725,9949,7790,11377,16001,19920,9572,5178,5812,6606,970,4156,9775,36120,40323,27095,35647,38286
,Public Sector GFCF of Transport & Storage at Current Prices (Rs Million),,36612,47533,35746,20505,40182,46513,52171,41689,48339,22566,30849,29535,30487,70883,51761,54364,26905,69745,115242,42244,24678,56250,56627,63380,49055,38027,57501
,,Public Sector GFCF of Railways at Current Prices (Rs Million),3336,4332,3258,1869,3662,4239,4754,3680,4167,1907,10874,2136,4265,24478,8767,6196,5825,39407,8627,14612,6261,4239,7177,18266,21618,27420,25180
,,Public Sector GFCF of Post Office & PTCL at Current Prices (Rs Million),75,98,74,42,83,96,107,119,65,70,65,48,34,28,0,5,0,1,0,997,1539,2,-1,-1,4,0,0
,,Public Sector GFCF of Others at Current Prices (Rs Million),33200,43104,32415,18594,36438,42179,47309,37890,44107,20588,19911,27351,26188,46378,42995,48163,21080,30337,106615,26635,16878,52009,49451,45115,27433,10607,32321
,Public Sector GFCF of Information and Communication at Current Prices (Rs Million),,19601,25449,19138,10978,21513,24903,27932,29238,37145,21437,22035,18166,20486,20403,39013,39481,28307,33644,26377,28753,42344,35011,100760,48682,41014,53770,70487
,Public Sector GFCF of Finance & Insurance at Current Prices (Rs Million),,3352,2176,1730,2228,1128,1060,1878,4027,3558,5266,4322,3289,7011,10578,4929,5535,6964,16949,6593,7874,7877,11435,24572,20256,20307,30393,32719
General Govt. GFCF at Current Prices (Rs Million),,,61792,63188,63236,80373,116251,146684,199100,267172,340204,436537,411420,447266,599264,506773,594507,749050,867876,1089414,1359100,898531,995499,1241418,1798062,1934570,1938519,3040164,3157609
,General Govt. GFCF of Federal at Current Prices (Rs Million),,17889,17208,21239,22616,29579,27885,38329,46291,67081,118254,133913,134417,148774,151799,169250,214678,235406,314376,359047,354495,387225,477178,542267,591344,623435,798972,879297
,General Govt. GFCF of Provincial at Current Prices (Rs Million),,35138,34704,19613,29525,54144,77407,122774,153561,181294,213290,219840,242542,372721,288464,358791,442650,527461,686665,909116,463854,527970,653800,1086307,1164239,1125263,1991963,1898948
,General Govt. GFCF of District Governments at Current Prices (Rs Million),,8765,11276,22384,28232,32528,41393,37997,67320,91829,104993,57667,70307,77769,66510,66466,91722,105009,88373,90937,80182,80304,110440,169488,178987,189821,249229,379364
General Government GFCF (By industries) at Current Prices (Rs Million),,,61792,63188,63236,80373,116251,146684,199100,267172,340204,436537,411420,447266,599264,506773,594507,749050,867876,1089414,1359098,898530,995500,1241418,1798062,1934570,1938519.456,3040164,3157609
,General Government GFCF of Public Administration and Social Security (General Government) at Current Prices (Rs Million),,50868,52017,52057,66164,95700,120753,163902,232436,270800,359162,340511,370178,487649,427367,514388,624622,750084,967642,1229418,804220,888918,1070774,1634531,1777696,1798449.047,2753287,2819937
,General Government GFCF of Education at Current Prices (Rs Million),,5208,5325,5329,6774,9798,12363,16780,20300,30506,35318,35355,38435,62110,36649,54706,70114,80403,74026,69232,59004,56683,101795,81784,85818,67009.82729,163140,215166
,General Government GFCF of Human health and social work activities at Current Prices (Rs Million),,5716,5845,5850,7435,10754,13569,18418,14436,38898,42057,35555,38653,49505,42758,25412,54314,37389,47746,60448,35306,49899,68848,81747,71056,73060.58085,123737,122506
GFCF at Constant Prices 2015-16 (Rs Million),,,2465567,2586086,2517718,2752144,3017815,3303000,3935866,4069238,4220049,4045528,3734245,3412393,3538085,3624603,3745892,4257588,4657149,5017178,5533617,4921409,4592834,4761190,4978900,4179392,4127041.414,4722501.917,5045453.383
Private & Public GFCF at Constant Prices 2015-16 (Rs Million),,,2244065,2368330,2305961,2494697,2671661,2892652,3430316,3434578,3513646,3283285,3103426,2846663,2851721,3083930,3159419,3516322,3789273,3974178,4297734,4216955,3884949,3954385,4043396,3421475,3495015.266,3749742.917,4075076.383
,"Private & Public GFCF of Agriculture, Forestry & Fishing at Constant Prices 2015-16 (Rs Million)",,618997,617955,634218,665464,679598,697879,732966,747599,754399,795179,827537,838209,830614,860785,855527,901052,904250,954120,988985,996522,996479,1043770,1087897,1053047,1112656,1119651,1148460
,Private & Public GFCF of Mining and Quarrying at Constant Prices 2015-16 (Rs Million),,75699,82912,90822,271861,170389,58561,84103,99889,82427,99525,116267,75171,82735,59703,82449,88020,122166,101274,71341,57706,55167,37088,37983,45496,45943,47853,54586
,Private & Public GFCF of Manufacturing at Constant Prices 2015-16 (Rs Million),,429434,467142,497420,465086,546029,611510,759480,671386,683459,657929,455519,371518,373988,448532,431301,483154,723845,720981,739446,706175,627453,625998,599711,449473,411460,420234,424433
,,Private & Public GFCF of Large Scale at Constant Prices 2015-16 (Rs Million),402620,437919,465563,430349,508145,570185,714394,623072,631681,602434,396034,307753,305629,375243,352724,398899,633494,622096,631209,587689,497732,502193,475433,360394,335948,331281,319274
,,Private & Public GFCF of Small Scale (including Slaughtering) at Constant Prices 2015-16 (Rs Million),26814,29224,31858,34737,37884,41325,45086,48314,51779,55496,59485,63765,68359,73290,78578,84256,90351,98885,108237,118486,129721,123805,124278,89079,75512,88953,105159
,Private & Public GFCF of Electricity Gas and Water Supply at Constant Prices 2015-16 (Rs Million),,193420,191905,98530,124374,79174,94406,123320,105627,128085,177697,168425,193091,169410,196135,128622,239391,201651,183994,363600,399832,239057,220800,205300,177735,213420.2515,237251.5459,240032.9254
,Private & Public GFCF of Construction at Constant Prices 2015-16 (Rs Million),,40884,37022,43823,16037,20349,41138,52851,64854,60472,69403,50797,31671,37820,40148,62158,50490,64882,107742,78075,36618,38333,35276,50595,30938,27532.01411,38117.37117,55061.45757
,Private & Public GFCF of Wholesale and Retail Trade at Constant Prices 2015-16 (Rs Million),,94870,100511,102949,109799,121557,138552,151735,160613,169705,164578,167493,170926,173799,179966,188550,193547,202799,221295,274423,337356,290600,297684,244641,157724,167852,233741,364792
,Private & Public GFCF of Accommodation and Food Services Activities (Hotels & Restaurants) at Constant Prices 2015-16 (Rs Million),,39512,41124,42802,44549,46366,48258,50227,52276,54409,56629,58939,61344,63847,66452,69163,71985,74922,89007,77829,67246,41238,37077,30504,18891,20094,68480,74188
,Private & Public GFCF of Transport and Storage at Constant Prices 2015-16 (Rs Million),,211155,250506,217130,214327,310075,363330,429733,367649,348414,249653,286474,245363,242014,308785,267824,367376,416691,471198,555163,437579,259458,392552,431553,240810,206085,211459,220980
,Private & Public GFCF of Information and Communication at Constant Prices 2015-16 (Rs Million),,80066,104999,72611,49385,131437,250117,422868,504846,544103,310814,258138,131124,113787,121089,246394,250234,158036,150510,130204,121632,262277,150167,214673,72790,65287,75548,139214
,Private & Public GFCF of Finance and Insurance Activities at Constant Prices 2015-16 (Rs Million),,30034,24470,34340,36297,42455,44491,51962,65286,70264,61094,46001,35331,40289,49510,39073,47736,56520,62897,56060,57198,55568,62162,62091,55201,66176,89596,96703
,Private & Public GFCF of Real Estate Activities (OD) at Constant Prices 2015-16 (Rs Million),,279671,290858,302492,314592,327176,340263,353873,368028,382749,398059,413982,430541,447762,465673,484300,503672,523819,543355,563585,584065,604777,626873,649919,673768,698750,724617,751581
,Private & Public GFCF of Public Administration and Defence; compulsory social security at Constant Prices 2015-16 (Rs Million),,182344,179260,174322,211934,284959,337804,416177,552147,562292,627138,522096,468224,558526,455955,507437,618132,750084,926416,1117958,630514,632097,695903,850422,696457,586358.3611,880967,866606
,Private & Public GFCF of Education at Constant Prices 2015-16 (Rs Million),,69949,72807,75672,87293,103297,109836,120000,127723,144014,143450,138000,132673,157545,127034,144886,163449,179991,175242,174250,161297,161121,184036,164327,160315,153856.5873,188424,206717
,Private & Public GFCF of Human Health and Social Work Activities at Constant Prices 2015-16 (Rs Million),,44137,44985,45778,51970,61599,68988,79318,68988,117323,111803,94752,91248,101561,92875,74602,105900,92531,104203,117045,93289,104484,117736,120045,113327,114062.3482,134851,138203
,Private & Public GFCF of Other Private Services at Constant Prices 2015-16 (Rs Million),,75394,79629,84806,89176,93355,97866,107254,112329,117933,122576,129826,135957,144387,151960,163606,173451,184962,204944,225651,234380,224726,234068,229240,233420,237509,251712,263897
Private Sector GFCF at Constant Prices 2015-16 (Rs Million),,,1759904,1858920,2002787,2242883,2393746,2584124,3082197,3092556,3180257,3040759,2855245,2642382,2663827,2769275,2931166,3213075,3537220,3621176,3879013,3812927,3627468,3681814,3758192,3226094,3315587.674,3565330.18,3872290.493
,"Private Sector GFCF of Agriculture, forestry and fishing at Constant Prices 2015-16 (Rs Million)",,611916,616343,625420,662350,679374,697452,732421,747100,753882,794703,827032,837747,830148,860641,855394,900894,904045,953943,988757,996336,996250,1043597,1087724,1052854,1112465,1119388,1148193
,,Private Sector GFCF of Crops at Constant Prices 2015-16 (Rs Million),161554,152181,144068,163275,163107,162306,177131,175147,166494,190390,206589,200778,175852,187228,170147,192370,176622,206283,219931,206156,182757,206978,225734,175303,198310,183826,185259
,,Private Sector GFCF of Cotton Ginning at Constant Prices 2015-16 (Rs Million),759,774,790,805,822,838,855,872,889,907,925,944,963,982,1001,1022,1042,1063,1084,1106,1128,1150,1173,1197,1221,1245,1270
,,Private Sector GFCF of Livestock at Constant Prices 2015-16 (Rs Million),415670,429332,446046,462232,479838,498510,518457,534577,549719,566507,582410,599868,616981,635988,647422,670463,689165,709222,730231,751233,774253,797164,822266,837611,873498,894353,921350
,,Private Sector GFCF of Forestry at Constant Prices 2015-16 (Rs Million),988,1009,1031,1053,1076,1099,1123,1148,1173,1198,1224,1251,1278,1306,1334,1363,1392,1423,1453,1485,1517,1550,1584,1618,1653,1689,1726
,,Private Sector GFCF of Fishing at Constant Prices 2015-16 (Rs Million),32945,33046,33485,34985,34531,34699,34854,35356,35607,35701,35884,34907,35075,35137,35491,35677,35824,35952,36058,36356,36595,36755,36967,37125,37783,38275,38588
,Private Sector GFCF of Mining and Quarrying at Constant Prices 2015-16 (Rs Million),,68886,58153,65377,238703,160188,42801,66933,49830,56956,70746,93979,56385,58409,41990,60000,56244,94113,38317,47307,43443,39790,21993,24573,35011,40191,38972,43525
,Private Sector GFCF of Manufacturing (A+B) at Constant Prices 2015-16 (Rs Million),,353495,419269,492738,460602,535874,605524,750314,664675,681034,654176,453323,368211,370685,442368,425526,481412,722512,693978,731594,704791,621324,616643,588222,446127,406841,418790,421704
,,Private Sector GFCF of Large Scale at Constant Prices 2015-16 (Rs Million),326681,390045,460881,425865,497990,564199,705229,616361,629255,598680,393838,304446,302327,369078,346949,397157,632161,595093,623357,586305,491603,492838,463944,357048,331329,329837,316545
,,Private Sector GFCF of Small Scale (including Slaughtering) at Constant Prices 2015-16 (Rs Million),26814,29224,31858,34737,37884,41325,45086,48314,51779,55496,59485,63765,68359,73290,78578,84256,90351,98885,108237,118486,129721,123805,124278,89079,75512,88953,105159
,"Private Sector GFCF of Electricity, gas, and water supply at Constant Prices 2015-16 (Rs Million)",,19464,21182,32295,28308,16235,19148,22698,22766,32831,75511,48147,86221,89199,31282,42983,77363,46543,41949,117837,74272,59696,46394,58915,64416,89919.72426,114169.5459,113219.0359
,Private Sector GFCF of Construction at Constant Prices 2015-16 (Rs Million),,34007,31567,35408,9022,13038,32771,40413,40999,35639,48100,35595,21312,24642,23046,42309,41294,59704,102132,72006,35819,35207,28476,31520,14729,18152.95005,26475.63374,42534.45757
,Private Sector GFCF of Wholesale and retail trade at Constant Prices 2015-16 (Rs Million),,94870,100511,102949,109799,121557,138552,151735,160613,169705,164578,167493,170926,173799,179966,188550,193547,202799,221295,274423,337356,290600,297684,244641,157724,167852,233741,364792
,Private Sector GFCF of Accommodation and food service activities (Hotels and Restaurants) at Constant Prices 2015-16 (Rs Million),,39512,41124,42802,44549,46366,48258,50227,52276,54409,56629,58939,61344,63847,66452,69163,71985,74922,89007,77829,67246,41238,37077,30504,18891,20094,68480,74188
,Private Sector GFCF of Transportation and Storage at Constant Prices 2015-16 (Rs Million),,79931,86711,97418,148649,190414,233223,297252,268625,248042,210250,239174,208005,207096,233160,216762,313577,389786,404424,450369,404459,241910,355995,402091,215984,190092,199292,203309
,Private Sector GFCF of Information and communication at Constant Prices 2015-16 (Rs Million),,9810,17305,8519,14222,67373,180459,351939,435397,466974,273383,224353,108147,90324,99322,207908,211163,129729,118300,106218,99089,232167,127414,162248,53722,51915,58344,117552
,Private Sector GFCF of Financial and Insurance activities at Constant Prices 2015-16 (Rs Million),,18020,16971,28546,29160,39096,41526,47193,55721,62876,51899,39374,31171,32259,38224,34210,42258,49556,46671,50065,51025,49967,54730,49306,47265,59555,79866,86648
,Private Sector GFCF of Real estate activities (Ownership of Dwellings) at Constant Prices 2015-16 (Rs Million),,279671,290858,302492,314592,327176,340263,353873,368028,382749,398059,413982,430541,447762,465673,484300,503672,523819,543355,563585,584065,604777,626873,649919,673768,698750,724617,751581
,Private Sector GFCF of Education at Constant Prices 2015-16 (Rs Million),,51280,54455,57825,65596,74123,75252,77392,79501,80670,81781,83792,84058,86407,87934,90919,94064,99588,104370,111295,115037,120815,117879,121776,126694,132009,136224,140593
,Private Sector GFCF of Human health and social work activities at Constant Prices 2015-16 (Rs Million),,23648,24842,26190,28155,29578,31029,32553,34696,36555,38367,40237,42357,44861,47258,49534,52150,55142,58491,62077,65609,69002,72991,77513,85489,90242,95259,100555
,Private Sector GFCF of Other Private Services at Constant Prices 2015-16 (Rs Million),,75394,79629,84806,89176,93355,97866,107254,112329,117933,122576,129826,135957,144387,151960,163606,173451,184962,204944,225651,234380,224726,234068,229240,233420,237509,251712,263897
Public Sector and General Govt. GFCF at Constant Prices 2015-16 (Rs Million),,,705664,727166,514930,509261,624068,718876,853669,976683,1039792,1004769,879000,770010,874257,855328,814726,1044514,1119929,1396002,1654604,1108482,965366,1079376,1220708,953298,811453.7394,1157171.737,1173162.89
Public Sector GFCF (Autonomous & Semi Auto-Bodies) at Constant Prices 2015-16 (Rs Million),,,484162,509410,303174,251814,277914,308529,348119,342023,333389,242526,248181,204281,187894,314655,228254,303247,252053,353002,418721,404028,257481,272571,285204,195381,179427.5913,184412.7374,202785.8895
,"Public Sector GFCF of Agriculture, Forestry & Fishing at Constant Prices 2015-16 (Rs Million)",,7081,1612,8798,3114,225,427,545,498,517,475,504,462,466,144,133,158,205,177,228,186,229,173,173,193,191,263,267
,Public Sector GFCF of Mining and Quarrying at Constant Prices 2015-16 (Rs Million),,6813,24759,25445,33158,10201,15760,17170,50059,25471,28779,22288,18786,24326,17713,22449,31776,28053,62957,24034,14263,15377,15095,13410,10485,5752,8881,11061
,Public Sector GFCF of Manufacturing (Large Scale) at Constant Prices 2015-16 (Rs Million),,75939,47874,4682,4484,10155,5986,9165,6711,2426,3754,2196,3307,3302,6165,5775,1742,1333,27003,7852,1384,6129,9355,11489,3346,4619,1444,2729
,"Public Sector GFCF of Electricity, Gas & Water Supply at Constant Prices 2015-16 (Rs Million)",,173956,170723,66235,96066,62939,75258,100622,82861,95255,102186,120278,106871,80211,164853,85638,162028,155108,142045,245763,325560,179361,174406,146385,113319,123500.5273,123082,126813.8895
,Public Sector GFCF of Construction at Constant Prices 2015-16 (Rs Million),,6877,5455,8416,7014,7310,8367,12438,23855,24833,21303,15202,10360,13178,17102,19849,9195,5178,5610,6069,799,3126,6800,19075,16208,9379.064064,11641.73743,12527
,Public Sector GFCF of Transport & Storage at Constant Prices 2015-16 (Rs Million),,131224,163795,119712,65679,119661,130107,132481,99024,100371,39402,47300,37358,34918,75625,51062,53799,26905,66774,104794,33120,17548,36557,29462,24826,15993,12167,17671
,,Public Sector GFCF of Railways at Constant Prices 2015-16 (Rs Million),11958,14927,10909,5985,10905,11857,12073,8742,8651,3330,16673,2702,4885,26115,8648,6132,5825,37729,7845,11456,4452,2755,3734,7155,7048,8773,7738
,,Public Sector GFCF of Post Office & PTCL at Constant Prices 2015-16 (Rs Million),270,337,246,135,246,268,273,282,136,122,99,61,39,30,0,5,0,1,0,782,1094,1,-1,0,1,0,0
,,Public Sector GFCF of Others at Constant Prices 2015-16 (Rs Million),118996,148531,108556,59558,108510,117983,120135,90000,91584,35950,30528,34595,29994,49480,42414,47663,21080,29044,96949,20882,12002,33801,25729,17671,8944,3394,9933
,Public Sector GFCF of Information and Communication at Constant Prices 2015-16 (Rs Million),,70256,87694,64092,35164,64065,69658,70929,69449,77129,37432,33785,22978,23463,21767,38486,39071,28307,32210,23986,22543,30110,22753,52425,19068,13372,17204,21662
,Public Sector GFCF of Finance & Insurance at Constant Prices 2015-16 (Rs Million),,12014,7498,5794,7136,3359,2965,4769,9565,7388,9195,6627,4160,8030,11286,4862,5477,6964,16226,5995,6173,5601,7432,12785,7936,6621,9730,10055
General Govt. GFCF at Constant Prices 2015-16 (Rs Million),,,221502,217756,211757,257447,346154,410347,505550,634660,706404,762243,630819,565729,686363,540674,586472,741267,867876,1043000,1235883,704454,707885,806805,935504,757917,632026.1481,972759,970377
,General Govt. GFCF of Federal at Constant Prices 2015-16 (Rs Million),,64126,59302,71121,72444,88077,78008,97324,109962,139288,206485,205326,170019,170397,161954,166962,212448,235406,300982,326495,277926,275350,310121,282133,231674,203261.9859,255646,270220
,General Govt. GFCF of Provincial at Constant Prices 2015-16 (Rs Million),,125956,119596,65677,94572,161220,216544,311744,364781,376441,372429,337075,306782,426894,307761,353942,438050,527461,657410,826695,363664,375432,424909,565189,456120,366875.7641,637367,583573
,General Govt. GFCF of District Governments at Constant Prices 2015-16 (Rs Million),,31419,38858,74958,90430,96858,115795,96481,159917,190675,183330,88419,88929,89072,70959,65568,90769,105009,84608,82693,62863,57103,71776,88182,70123,61888.39802,79746,116584
General Govt. GFCF (By industries) at Constant Prices 2015-16 (Rs Million),,,221502,217756,211757,257447,346154,410347,505550,634660,706404,762243,630819,565729,686363,540674,586472,741267,867876,1043000,1235881,704453,707886,806805,935504,757917,632026.1481,972759,970377
,General Govt. GFCF of Public Administration and Social Security (General Government) at Constant Prices 2015-16 (Rs Million),,182344,179260,174322,211934,284959,337804,416177,552147,562292,627138,522096,468224,558526,455955,507437,618132,750084,926416,1117958,630514,632097,695903,850422,696457,586358.3611,880967,866606
,General Govt. GFCF of Education at Constant Prices 2015-16 (Rs Million),,18668,18352,17847,21698,29174,34584,42608,48222,63344,61670,54209,48615,71138,39100,53967,69385,80403,70872,62955,46260,40306,66157,42551,33621,21847.58727,52200,66124
,General Govt. GFCF of Human health and social work activities at Constant Prices 2015-16 (Rs Million),,20490,20143,19588,23815,32021,37959,46765,34292,80767,73436,54515,48890,56700,45618,25068,53750,37389,45712,54968,27680,35482,44745,42532,27838,23820.34816,39592,37648