Sectors,Sub-Sectors-Level1,Sub-Sectors-Level2,1965-66,1966-67,1967-68,1968-69,1969-70,1970-71,1971-72,1972-73,1973-74,1974-75,1975-76,1976-77,1977-78,1978-79,1979-80,1980-81,1981-82,1982-83,1983-84,1984-85,1985-86,1986-87,1987-88,1988-89,1989-90,1990-91,1991-92,1992-93,1993-94,1994-95,1995-96,1996-97,1997-98,1998-99,1999-00,2000-01,2001-02,2002-03,2003-04,2004-05,2005-06,2006-07,2007-08,2008-09,2009-10,2010-11,2011-12,2012-13,2013-14,2014-15,2015-16,2016-17,2017-18,2018-19,2019-20,2020-21,2021-22,2022-23,2023-24,2024-25,2025-26
Transport (Roads),,,,,,,,,,,,,,,,,,,,,,,,,,,,,,,,,,,,,,,,,,,,,,,,,,,,,,,,,,,,,,,
,Expressway (in Kilometers),,,,,,,,,,,,,,,,,,,,,,,,,,,,,,,,,,,,,,,,,,,,,,,,,,,,,,,,460,428,428,428,428,428,
,Highway (in Kilometers),,,,,,,,,,,,,,,,,,,,,,,,,,,,,,,,,,,,,,,,,,,,,,,,,,,,,,,,20089,32097,32097,32097,32097,32097,
,Local Road (in Kilometers),,,,,,,,,,,,,,,,,,,,,,,,,,,,,,,,,,,,,,,,,,,,,,,,,,,,,,,,373423,373525,373525,373525,373525,373525,
,Metro Road (in Kilometers),,,,,,,,,,,,,,,,,,,,,,,,,,,,,,,,,,,,,,,,,,,,,,,,,,,,,,,,86,76,146,146,150,150,
,Motorway (in Kilometers),,,,,,,,,,,,,,,,,,,,,,,,,,,,,,,,,,,,,,,,,,,,,,,,,,,,,,,,3210,2471,2816,2816,2816,2816,
,National Highway (in Kilometers),,,,,,,,,,,,,,,,,,,,,,,,,,,,,,,,,,,,,,,,,,,,,,,,,,,,,,,,12122,,,,,,
,Primary Road (in Kilometers),,,,,,,,,,,,,,,,,,,,,,,,,,,,,,,,,,,,,,,,,,,,,,,,,,,,,,,,4387,4388,4388,4388,4388,4388,
,Secondary Road (in Kilometers),,,,,,,,,,,,,,,,,,,,,,,,,,,,,,,,,,,,,,,,,,,,,,,,,,,,,,,,87647,87765,87765,87765,87765,87765,
,Total (in Kilometers),,73788,70007,72463,71428,72153,73006,74187,76029,76660,78630,80623,84589,85757,87715,94173,93960,96859,99793,111916,118471,126243,133953,142941,151449,162345,170823,182709,189321,196817,207645,218344,229595,240885,247484,240340,249972,251661,252168,256070,258214,259021,259197,259038,260200,260040,259463,259463,,,,,,,,501424,500749,501165,501165,501169,501169,
,High Type (in Kilometers),,20983,22063,23095,23799,24253,24776,25418,28927,26641,28222,29603,31769,33159,34804,35890,38035,40380,42773,48325,52120,56318,61464,68880,74355,81981,86839,95374,99083,104002,111307,118427,126117,133462,137352,138200,144652,148877,153225,158543,162841,167530,172827,175000,177060,180190,180866,180866,,,,,,,,,,,,,,
,Low Type (in Kilometers),,52805,47944,49368,47629,47900,48230,48769,50102,50019,50408,51020,52820,52598,52911,58283,55925,56479,57020,63591,66351,69925,72489,74061,77094,80364,83984,87335,90238,92816,96338,99917,103478,107423,110132,110140,105320,102784,98943,97527,95373,91491,86370,84038,83140,79850,78597,78597,,,,,,,,,,,,,,
Railways,,,,,,,,,,,,,,,,,,,,,,,,,,,,,,,,,,,,,,,,,,,,,,,,,,,,,,,,,,,,,,,
,Locomotives (Numbers),,1026,1045,1047,1045,1076,1141,1015,993,992,992,1024,978,978,979,1003,960,963,979,943,916,879,837,806,773,768,753,752,703,676,678,622,633,611,596,597,610,577,577,592,557,544,544,555,551,528,528,522,493,421,458,460,455,478,472,473,467,466,461,450,448,
,Freight Wagons (Numbers),,35048,36428,36970,37252,37530,37337,37624,37436,37339,37239,36938,36720,36406,36276,36235,36248,36213,35990,35782,35341,35237,34867,35929,36249,35842,34851,30369,29451,29228,30117,26755,25213,24275,27251,23906,23893,23460,23722,21812,21556,20809,19638,18638,17259,16499,18468,17611,16635,16179,15452,15164,16085,16159,14327,14448,14448,13900,13448,11803,10634,
,Route (KM),,8585.53,8585.53,8585.53,8663.51,8564.38,8566.36,8794.96,8811.21,8811.21,8811.45,8811.45,8815.03,8815.03,8815.03,8817.33,8817.33,8774.87,8774.87,8774.87,8774.87,8774.87,8774.87,8774.87,8774.87,8775,8775,8775,8775,8775,8775,8775,8775,8775,8774,7791,7791,7791,7791,7791,7791,7791,7791,7791,7791,7791,7791,7791,7791,7791,7791,7791,7791,7791,7791,7791,7791,7791,7791,7791,7791,
,Number of Passengers carried (Million),,123,128,133,136,132,126,124,136,141,143,147,143,149,146,144,123,120,123,107,95,83,78,80,84.7,84.6,84.9,73.3,59,61.72,67.7,73.65,68.8,64.9,64.9,68,68.8,69,72.4,75.7,78.18,81.43,84,80,83,75,65,41,42,48,53,52,52,55,60,44,28,36,23,38.62,39.7,
,Freight carried (Million Tonnes),,16,15,15,15,13,13,13,13,12,14,15,14,13,12,12,11,11,12,11,11,12,12,12,10.43,9.3,7.72,7.56,7.77,8.04,8.11,6.85,6.36,5.98,5.45,4.77,5.89,5.9,6.18,6.14,6.41,6.03,6,7,7,6,3,1,1,2,4,5,6,8,8,7,8,8,4,7.1,7.75,
,Freight Tonnes (Million km),,7631,8251,8563,7785,7644,7458,7756,8359,7344,8403,8977,8767,8557,9375,8598,7918,7067,7323,7385,7203,8270,7820,8113,8364,7226,5709,5962,6180,5938,6711,5077,4607,4447,3967,3612,4519.53,4573,4820,4796,5013.54,4971,5454,6187,5896,4847,1757,403,419,1090,3301,4773,5031,8080,8304,7369,8179,8070,4270,7151,7724,
,Gross Earnings (Rs. Million),,592.1,615.6,624,665.2,731.2,716.3,785.4,943.4,1026.1,1345,1632.8,1748,2213,2274,2709.4,2492.4,3044.2,3395,3679.9,3681,4368,4884,5279,5318,5654,6696,8235.9,9031,9134,9224,8365,9394.3,9805,9245,9889,11938,13346,14810,14477.8,17827.5,18043.6,19193,19973,23159,21887,18612,15444,18070,22800,31924,36582,40065,49570,54508,47584,48649,60257,39950,79637,93601,
Pakistan National Shipping Corporation (PNSC),,,,,,,,,,,,,,,,,,,,,,,,,,,,,,,,,,,,,,,,,,,,,,,,,,,,,,,,,,,,,,,
,Number of Vessels (Numbers),,53,59,61,65,66,71,57,54,52,52,53,49,48,48,58,50,55,50,47,36,33,30,29,29,28,28,28,29,27,15,17,15,15,15,15,14,14,13,14,14,15,14,14,14,10,11,9,9,9,9,9,9,9,9,11,11,11,13,12,10,
,Dead Weight (Tonnes),,516137,593826,618758,682913,679692,749046,635937,608845,597685,602741,621341,584195,564112,564112,580225,645450,738894,766601,731545,602744,559279,522517,510624,510624,492400,494956,494956,518953,595836,264410,290353,261817,261836,261836,261836,243802,243749,229579,469931,570466,636182,636821,636821,477238,633273,646666,610167,610167,642207,642207,681806,681806,681806,681806,831711,831711,831711,1045957,938876,724643,
,Gross Earnings (Rs. Million),,,,,,,,,,,,,,,,1141.7,1507.5,1688.4,1639.2,1625.3,2418.6,2657.6,2209.7,2643.3,3788,3165,3865,4063,3137,3302,4311,6962,7761.5,4580,3707,3483,5458.7,4555.5,5404.9,6881.9,7860,7924.6,9089,10754,11474,8739,9293,8875,8875,12253,15727,15536,12543,12477,10070,10863,13803,12789,27714,42475,28404.6,
PORTS-Cargo Handled,,,,,,,,,,,,,,,,,,,,,,,,,,,,,,,,,,,,,,,,,,,,,,,,,,,,,,,,,,,,,,,
,Total (Karachi Port) (000 Tonnes),,7169,9220,8801,8585,9488,9587,9456,10512,10654,10161,10084.8,9590,11757,15025,14657,14653,15137,14789,14758,14898,15820,16305,17717,17866,19075,18709,20453,22170,22569,23098,23581,23475,22684,24053,23761,25981,26692,25852,27813,28615,32270,30846,37192,38732,41420,41431,37875,38850,41350,43422,50045,52493,54685,46893,41840,52279,51709,41851,64145,53951,
,Imports (Karachi Port) (000 Tonnes),,5269,6896,6508,5603,6028,6379,6397,7304,7559,7858,7691,7216,8917,11987,11259,11037,11589,11708,12412,12401,12511,13180,14332,14075,15024,14714,15267,17256,17610,17526,18719,18362,17114,18318,18149,20063,20330,19609,21732,22100,25573,23329,25517,25367,27892,28589,26201,26700,30343,29672,34594,42638,41669,32863,27206,36469,35540,29075,40844,33932,
,Exports (Karachi Port) (000 Tonnes),,1900,2324,2293,2982,3460,3208,3059,3208,3095,2303,2393,2374,2840,3038,3398,3616,3548,3080,2346,2497,3309,3125,3385,3791,4051,3995,5186,4914,4959,5572,4862,5113,5570,5735,5612,5918,6362,6244,6081,6515,6697,7517,11675,13364,13528,12842,11674,21150,11007,13750,15451,9855,13016,14031,14634,15810,16169,12776,23301,20019,
,Total (Port Qasim) (000 Tonnes),,,,,,,,,,,,,,,,,,,,,,,,,,,,,,,,,,14967,13933,14941,13588,13317,15109,14123,19437,21573,24350,26424,25030,25626,26168,24025,24801,25775,30014,33321,37358,45555,49031,51017,57993,55150,40500,44907,45304,
,Imports (Port Qasim) (000 Tonnes),,,,,,,,,,,,,,,,,,,,,,,,,,,,,,,,,,13823,12191,13238,11841,10932,11980,11264,16006,17588,19511,21502,19445,19226,19511,18075,17754,18076,21608,25857,30995,38471,41878,43509,50339,46665,33382,35033,35585,
,Exports (Port Qasim) (000 Tonnes),,,,,,,,,,,,,,,,,,,,,,,,,,,,,,,,,,1144,1742,1703,1747,2385,3129,2859,3431,3985,4839,4922,5584,6380,6657,5950,7047,7699,8405,7464,6363,7084,7153,7508,7654,8485,7118,9874,9719,
,Total (Gwadar Port) (000 Tonnes),,,,,,,,,,,,,,,,,,,,,,,,,,,,,,,,,,,,,,,,,,,,,,,,1426,508,649,439,51,82,27,5,27,55,80,591.5,34.3,62,
,Imports (Gwadar Port) (000 Tonnes),,,,,,,,,,,,,,,,,,,,,,,,,,,,,,,,,,,,,,,,,,,,,,,,1426,508,649,439,51,80,24,4,27,51,77,591.5,34.3,62,
,Exports (Gwadar Port) (000 Tonnes),,,,,,,,,,,,,,,,,,,,,,,,,,,,,,,,,,,,,,,,,,,,,,,,,,,0,1,2,3,1,1,4,2,843,,,
Pakistan International Airlines Corporation-Operational,,,,,,,,,,,,,,,,,,,,,,,,,,,,,,,,,,,,,,,,,,,,,,,,,,,,,,,,,,,,,,,
,PIA Fleet Number of Planes,,23,28,25,26,23,28,19,18,21,25,25,28,31,32,32,31,29,31,33,41,43,44,44,40,43,44,45,45,47,47,47,47,47,45,46,45,45,44,43,42,47,42,42,44,40,40,38,38,34,34,37,36,32,31,30,30,35,32,33,31,
,Available Seats (Million KM),,1370,1994,2331,2602,2797,3473,2825,2395,2926,4028,5264,6439,7319,7969,8981,10152,9785,9914,10457,10500,10749,11508,12922,13763,14247,13401,15066,15733,15159,15848,16573,17528,16952,16752,17839,18692,9885,15778,16264,18299,20348,22092,20313,19528,19859,21219,19850,17412,16537,16666,19201,19108,18081,18372,8902,7682,13075,13768,12123,12466,
,Route (KM),,46745,68984,72114,72753,87669,90555,99155,111886,113570,147095,148569,164315,185369,208895,218828,205996,192216,204854,203516,202841,194080,220521,209953,234249,250903,255336,258558,270536,303321,353221,310205,336230,325744,335348,332417,317213,324815,291428,311152,294082,354664,446570,383574,311131,380917,424570,460719,411936,389455,367251,382057,360937,332303,389725,705820,374054,341821,301832,593063,570223,
,Passenger Load Factor (%),,70.2,63.7,60.3,59.6,62.7,59.1,56.4,56.8,54.5,55.4,55.8,58.4,60.3,60.3,57.7,59.5,63.8,67.2,64.6,65.7,65.7,63.8,64.9,66.2,65.3,67.1,65.9,64.2,66.7,65.5,63.9,66.5,65.8,64,59.7,64.5,63.8,68.7,69.3,69.8,67,69,67,71,70,74,70,70,72,70,72,73,77,81,75,67,80,83,81.8,82,
,Available Tonne (Million KM),,195,270,324,336,374,486,420,363,429,667,803,987,1151,1306,1416,1549,1465,1473,1546,1594,1654,1796,1984,2109,2177,2045,2265,2352,2347,2452,2526,2649,2435,2403,2560,2631,1438,2270,2401,2528,3033,3369,3125,2934,2933,3091,2859,2471,2396,2436,2798,2659,2521,2610,1327,1020,1806,1884,1600,1643,
,Operating Expenses (Million Rs.),,224,288,350,384,446,512,512,881,913,1375,1491,2515,3047,3784,5182,6450,6955,8128,8587,9324,10038,10382,11663,12938,15728,16966,18861,21347,22713,24199,27150,32809,,16587,36395,42033,23296,39377,39125,47197,62360,79164,76416,120579,98629,106811,133930,129588,114944,108478,121863,122193,170447,166917,95670,101212,183345,235317,194807,198263,
Pakistan International Airlines Corporation-Revenue,,,,,,,,,,,,,,,,,,,,,,,,,,,,,,,,,,,,,,,,,,,,,,,,,,,,,,,,,,,,,,,
,Revenue Passengers (Million Km),,962,1271,1406,1551,1754,2053,1593,1361,1594,2231,2936,3759,4414,4806,5180,6040,6246,6659,6759,6895,7063,7336,8380,9115,9302,8998,9925,10102,10108,10382,10592,11661,11147,10722,10653,12056,6305,10843,11276,12769,13635,15124,13681,13925,13891,15663,13874,12237,11903,11711,13751,13988,13975,14938,6629,5138,10497,11468,9918,10172,
,Revenue Passengers Carried (000),,682,955,1097,1223,1378,1230,880,689,925,1251,1634,2129,2558,2639,2853,3136,3202,3408,3554,3707,3988,4264,4717,5067,5136,5033,5584,5780,5645,5517,5399,5883,5531,5086,4914,5297,2729,4290,4391,4796,5132,5732,5415,5617,5535,5953,5236,4449,4202,4394,5486,5342,5203,5290,2541,2657,4281,4496,3904,3791,
,Revenue Load Factor (%),,70.2,63.7,60.3,59.6,62.7,59.1,56.4,56.8,54.5,55.4,55.8,58.4,60.3,60.3,57.7,59.5,63.8,67.2,64.6,65.7,65.7,63.8,64.9,66.2,65.3,67.1,65.9,64.2,66.7,65.5,63.9,66.5,65.8,64,59.7,64.5,63.8,68.7,69.3,69.8,67,54,51,54,52,56,53,55,52,49,49,55,58,59,52,54,58,61,64.4,64,
,Revenue Km Flown (000),,18758,22759,26772,28145,29409,30460,25670,22321,23784,28629,33931,36070,42909,48108,50298,48962,45337,45232,46753,48047,51217,52041,56937,60705,62626,60255,66570,69377,69024,72544,74288,78796,73663,70697,75483,76212,40158,62974,63863,58146,80699,88302,80759,79580,80108,84898,75750,63144,61389,67630,79842,75207,70089,70515,37403,34544,53811,57122,51984,53841,
,Revenue Tonne (Million Km),,131,161,187,203,229,253,227,184,315,319,399,493,585,658,706,805,816,849,877,931,959,991,1126,1245,1287,1228,1304,1333,1365,1408,1402,1495,1425,1313,1307,1452,769,1325,1389,1456,1657,1801,1593,1580,1525,1678,1513,1351,1242,1191,1375,1469,1472,1539,695,547,1048,1149,1030,1049,
,Revenue Hours Flown,,46571,48962,56658,58991,61723,59488,60016,41394,44581,52542,63472,68190,79453,86801,91618,90126,83879,87030,90898,93077,99124,102008,110415,117515,120948,116616,127423,132775,131122,134683,138014,143686,136104,129379,135136,134066,65615,110136,108942,96765,131262,141479,132416,132378,132155,141727,127268,106476,101556,111455,131838,122081,110050,110640,57370,55710,84742,90067,82043,79862,
,Operating Revenue (Million Rs.),,264,388,387,425,490,539,512,885,913,1596,2045,2667,3318,4085,5254,6521,7178,8569,9298,10192,10621,11162,12487,13908,16412,16849,20441,21970,23631,25417,27505,32732,,17332,35492,39228,21966,42844,45442,51041,61307,70587,70481,89201,94564,116550,112130,95771,99519,91269,88998,90288,100051,147500,94989,86185,172038,238505,204164,211667,
Motor Vehicles Registered,,,,,,,,,,,,,,,,,,,,,,,,,,,,,,,,,,,,,,,,,,,,,,,,,,,,,,,,,,,,,,,
,Motorcycle (2 Wheels) (Numbers),,,66113,71471,80762,89845,106033,126564,138335,152500,175388,209394,254716,294679,358265,428546,508335,548242,636196,709213,790004,879108,946861,1021966,1093933,1158609,1250749,1381136,1497017,1573370,1679259,1754737,1842531,1995421,2068730,2175488,2260772,2346056,2407466,2444567,2681066,2757842,2895734,3039815,3215583,4305121,5781953,7500182,9169528,11006421,13081400,15230960,17518365,19796577,22001277,23407865,25330702,26904510,28085965,28852582,30456102,
,Motorcycle (3 Wheels) (Numbers),,,15153,15808,17519,17406,19405,20705,21452,22555,25129,27232,29424,32161,35787,40464,45906,45329,45525,46281,46841,47101,47669,48513,48880,49380,50862,52439,56267,59510,62183,63370,69756,76224,81777,95345,99376,103407,115919,122448,124076,136394,143215,156068,167910,201827,266390,323189,380579,466185,559114,671403,763076,843300,919020,951425,984293,1001862,1023234,1058536,1087209,
,Motor Cars Jeeps & Station Wagons (Numbers),,,89213,96089,108401,112542,141746,153498,156571,162022,173483,190868,208442,216224,252063,280472,262636,282572,304449,339543,382729,428257,474744,526254,575337,630342,682636,731960,819350,868159,902654,923577,966747,1068116,1085969,1162876,1182307,1201738,1282371,1292888,1301406,1372191,1440801,1549854,1657860,1726347,1881560,2094289,2281083,2437735,2715322,2933668,3196542,3495581,3703649,3833616,4085738,4354914,4493328,4674328,4889104,
,Motorcabs/ Taxis (Numbers),,,7922,8354,9366,10707,12819,13505,14043,15324,16368,17380,18454,18817,21267,23156,18951,19571,20715,22889,23176,24720,25419,26844,27805,29668,32304,33235,41245,47897,52444,53400,54501,83182,83687,83844,83892,93940,83954,84277,84311,105373,103397,104431,106463,122882,124651,143859,145234,145424,167678,170759,170890,171117,171179,171462,171679,171884,172182,174308,175083,
,Buses (Numbers),,,14393,14852,17498,18712,21600,23860,26583,29718,33584,36588,39356,42404,44501,47618,50001,51245,51710,53749,58596,62074,71690,75996,79556,81533,84016,89094,94988,98681,107440,113516,114415,119365,125929,150108,154401,158694,162672,162957,163242,175589,184368,187367,195163,198790,202476,215374,220347,224403,229290,235614,242194,249198,253996,255409,257389,259227,260836,262505,265082,
,Trucks (Numbers),,,30683,30468,34943,35834,42003,44078,45842,49345,53709,57638,62118,57802,61903,66494,58654,59553,63021,66966,70338,75655,81019,87746,94283,102726,105245,107171,111391,114394,118389,119174,123658,131322,132895,145111,148569,157027,170615,178883,181150,189950,199447,202574,210944,216119,225075,240888,247197,253574,261845,269471,278120,284949,288652,293460,296254,299030,301258,303782,307659,
,Others (Numbers),,,10007,10842,13566,16846,20133,21089,23357,26352,33243,45949,62004,81315,102318,128787,165273,183080,217341,246511,287988,323838,369905,413990,450115,485659,507025,528878,558926,589281,615497,642174,666549,700315,724309,746718,772279,797840,825552,846017,860480,896014,940851,961646,1005441,1081916,1178890,1270788,1340963,1406819,1487460,1555975,1643489,1725445,1799789,1844302,1907607,299030,2012757,2055341,2117258,
,Total (Numbers),,,233484,247884,282055,301892,363739,403299,426183,457816,510904,585049,674514,743402,876104,1015537,1109756,1189592,1338957,1485152,1659672,1840753,2017307,2201309,2369909,2537917,2712837,2923913,3179184,3351292,3537866,3669948,3838157,4173945,4303296,4559490,4701596,4843702,5048549,5132037,5395731,5633353,5907813,6201755,6559364,7853002,9660995,11788569,13784931,15940561,18502109,21067850,23812676,26566167,29137562,30757539,33033662,34958781,36349560,37381382,39297497,
Motor Vehicles on Road-HCV,,,,,,,,,,,,,,,,,,,,,,,,,,,,,,,,,,,,,,,,,,,,,,,,,,,,,,,,,,,,,,,
,Mcy/Scooter (in 000 Nos.),,,41.8,44.4,53.2,64.1,73.9,82.1,95.4,99.1,113,135.1,166.8,206.4,241.9,287.6,326.4,376.1,424.2,517.4,581.3,657.6,700,752,818.4,896.2,896.2,971.8,1165.5,1287.3,1482,1481.9,1576,1691.4,1833.7,2010,2218.9,2481.1,2656.2,2882.5,3064.9,3791,4463.9,5037,5368,5412.1,5468.8,6015.7,5550,6100,6405,6669.3,11975.3,14060.9,14623.3,22808.8,24722.3,26505.2,27845.1,28782.9,30520,
,Motor Car (in 000 Nos.),,,42.3,44.4,52.8,57.2,59.2,63.9,67,55.9,62.2,70.1,81.6,95.6,109.4,148.3,154.2,182.9,202,230.8,268.9,298,323.1,350.2,395.7,427.7,427.7,429.1,465.8,493.7,516.8,538.4,564.5,593,731.3,815.7,928,1040,1109.6,1193.1,1264.7,1499.2,1682.2,1853.4,2029.1,2387.2,2822.2,3104.4,3600,4600,4820,6131.7,6954,7183.5,7470.8,3960.2,4141.9,4400.5,4567.3,4652.2,4852.6,
,M. Cab/Taxi (in 000 Nos.),,,5.7,5.7,5.9,6.3,6.9,7.7,8.5,7.8,8.6,11,11.7,12.6,14.1,16.9,17.7,15.5,16.7,19,21.2,22.2,23.4,24.9,28.4,30.9,30.9,33.5,40,44.5,47.9,51.4,54.1,57.3,68.5,69.8,79.8,96.4,104.1,112.6,120.32,122.1,119.1,129.8,138.6,146.4,154.6,170,160.7,168.8,178,186.5,197.4,197.7,205.6,116.1,116.5,116.6,116.8,117.3,118,
,Motor Rickshaw (in 000 Nos.),,,10.7,10.9,11.1,11.7,12.9,14.5,16,14.6,16.2,18.6,20,22.9,26.4,32,33.7,34.6,36.2,37.2,37.7,38.4,38.8,39.4,40.2,41.3,41.3,42.4,46.7,50.5,53.4,58.7,65.6,74.6,56.7,59.9,72.4,80.8,80.9,81,81.5,77.8,79,89.3,88.4,89.1,89.8,98.8,120.5,108,112,118.1,122,128.1,133.2,721.3,759.5,788.1,811.3,829.7,871.2,
,D.Van (in 000 Nos.),,,1.1,1.1,1,1.2,1.2,1.3,1.2,1.1,1.4,1.8,2.6,3.7,5.3,8.5,10,11.9,13.3,30.4,35.1,38.3,41.7,46.2,52.9,57.6,57.6,61.4,69.8,74,78.2,81.3,84.3,87.6,51.7,55.5,72.4,116.9,120.3,121.3,121.9,143.3,148.9,163.5,167.2,170.4,173.6,191,180,181,190,191.4,204.2,210.1,218.5,139.9,151.7,168.7,181.2,187.2,206.9,
,Pickup (in 000 Nos.),,,,,,,,,,,,,,,,,,,,,,,,,,,,30.2,39.5,44.1,47.1,50.5,50.2,56.1,56.4,61.6,68.4,78.3,80.6,84.4,87.6,93.5,104.6,115.3,125.5,130.3,135.3,148.8,150.2,150,158,166.3,176.4,187.2,194.7,513.5,527.4,543.1,550.7,554.4,566.1,
,Jeep (in 000 Nos.),,,6.4,6.7,7.9,8.6,8.9,9.6,10.1,8.3,10,11.6,13.4,15.7,17.8,16.9,16.7,14.1,15.4,17.2,19.8,20.7,23.1,25.9,28.2,30.8,30.8,31.6,35.6,38,41.3,43.5,45.5,47.8,16.7,17,18.3,43.4,44.4,47.8,51.8,65.7,85.4,82.9,79,78.3,78.5,86.4,78.7,60,64,54.2,69.6,80,83.2,150.9,175.7,214.9,240.6,253.3,293.4,
,Station Wagon (in 000 Nos.),,,4.3,4.5,5.4,5.8,6,6.5,6.8,5.6,6,6.8,7.8,9,11.2,15.4,15.8,21.7,25.7,32.5,39.1,46.5,52.1,59.2,64.2,69.3,69.3,43.6,48.8,52.7,56,29.1,62,65,60.6,73.9,93.8,122.7,126.4,132.4,140.5,140.8,169.1,163.2,155.6,171.4,175.2,192.7,180.1,185,191,192,201.9,206.6,214.9,903.4,90.5,90.7,90.9,91.7,92.3,
Motor Vehicles on Road-LCV,,,,,,,,,,,,,,,,,,,,,,,,,,,,,,,,,,,,,,,,,,,,,,,,,,,,,,,,,,,,,,,
,Ambulances (in 000 Nos.),,,,,,,,,,,,,,,,,,,,,,,,,,,,1.7,2,2.3,2.7,3.3,3.7,4.3,1.5,1.7,1.7,4.1,4.3,4.4,4.5,4.5,4.6,5.2,5.6,4,4.5,5,3.7,4,4,3.8,5.7,6.9,7.2,8.8,9.1,9.7,10.3,10.7,11.8,
,Buses (in 000 Nos.),,,8,9.2,8.9,9.6,10.3,11.6,13.5,14.4,15.4,18.1,18.9,20.2,21.8,25.3,26.9,25.6,27.4,31,32.9,34.6,36.1,38.6,40.8,43.3,43.3,45,51.7,56.4,60.9,64.5,68.2,72.5,84.4,92.8,86.6,96.6,98.3,100.4,102.4,103.6,108.4,109.9,111.1,123.3,125.6,138.2,130.2,140,148,150.6,156.3,159.2,165.6,193.7,164.7,166.7,168.5,169.7,173,
,Trucks (in 000 Nos.),,,19.6,20.6,19.2,21.3,22.7,23.8,21.3,18.9,21.1,23.8,25.7,28.5,31.2,34.2,36.8,40.1,42.8,49.2,54.4,60.4,66.1,71.7,78.4,82.7,82.7,75.8,84.2,92,98.3,104.2,110.3,117.1,121,127.4,132.3,145.2,146.7,149.2,151.8,151.8,173.3,177.8,181.9,200.5,209.5,230.5,220.5,240,252,263.8,276.2,280,291.2,325.6,313.2,317,320.4,321.9,329.4,
,Tractor (in 000 Nos.),,,1.9,1.7,3.8,3.8,5.5,7.6,9,9.3,12.6,21.6,30,38.2,45.6,68.2,79.4,88.2,106.5,135.7,157,181.1,198.9,217.6,242.5,258.2,258.2,275.3,353,376.6,399.8,424.8,439.8,463.6,489.8,528.4,579.4,630.5,663.2,722.7,778.1,822.3,877.8,900.5,911.7,940.8,970.9,1068,1128.7,1228,1283,1351.6,1430.1,1460.2,1518.6,628,648.1,670.3,689.3,710.2,742.2,
,Tankers (Oil & Water) (in 000 Nos.),,,,,,,,,,,,,,,,,,,,,,,,,,,,4.6,5,5.4,5.3,6.5,7.2,8.1,7.5,7.7,8,8.4,8.4,8.6,8.5,8.3,8.8,9.8,10.8,11.1,11.4,12.5,12.3,12.6,12.6,14,14.8,15.2,15.8,24.3,21.1,21.3,21.5,21.5,22.1,
,Others (in 000 Nos.),,,1,1,2.1,2.2,3.1,4.3,5,4.1,4.2,5.5,6.7,8.3,9.8,28.9,38,31.9,33.9,37.8,40.5,43,45,48.1,49.8,51.5,51.5,49.5,52.7,73.6,60.7,63.7,66.5,69.7,74.7,78.8,89,71.5,71.4,71.3,69.4,60.2,38.6,40.7,41.3,21.8,24,26.4,60.5,65,68,75.5,74.7,92.4,96.1,287.1,287.3,287.5,287.6,287.7,287.8,
,Total (in 000 Nos.),,,142.7,150.3,171.5,191.9,210.7,232.9,253.9,239,270.6,323.9,385.2,461,534.6,682.1,755.7,842.6,943.9,1138.2,1288,1440.8,1548.3,1673.8,1839.5,1989.4,1989.4,2095.5,2460.3,2691.1,2950.4,3001.8,3197.9,3408.1,3654.5,4000.2,4471,5016,5315,5711.9,6048.3,7084.5,8063.6,8878.4,9413.7,9886.4,10443.8,11488.2,11576.1,13242.4,13885.6,15568.8,21858.6,24268,25238.7,29968.8,32129,34300.2,35901.5,36990.4,37356,
Motor Vehicles-Production,,,,,,,,,,,,,,,,,,,,,,,,,,,,,,,,,,,,,,,,,,,,,,,,,,,,,,,,,,,,,,,
,Motor Cycle/Rickshaw (Numbers),,,,,,,,,,,,23063,23729,37408,51798,65953,53174,24903,34452,54017,52905,60404,41.87,68231,72804,92783,98647,97162,95793,63958,60960,121809,117180,96991,93167,94881,117858,133334,176591,327446,571145,751667,839224,1057751,917628,1389047,1638457,1645530,1675071,1728137,1777251,2071123,2500650,2825071,2459849,1813448,2475894,2190344,1288886,1288886,1234919,
,Cars (Numbers),,,,,,,,,,,,,,,,,,,4120,9229,13218,15878,13.69,19032,19996,25747,25166,28911,26945,19514,20955,31079,33462,33683,38682,32461,39573,40601,62893,99263,126817,160642,176016,164710,84308,121647,133972,154255,,,,,,,,,,,,,,
,Jeeps 4 x 4 Vehicles (Numbers),,,,,,,,,,,2480,2366,2192,1620,1219,1641,1682,1511,2138,2119,1715,2321,2.136,3502,3340,1581,2796,1774,1324,816,1310,2274,792,657,622,380,459,570,374,807,1564,2472,3298,1590,932,1172,883,451,121807,117498,153633,180717,190466,231138,216780,97889,163122,232015,131978,131978,100221,
,L.C.Vs (Numbers),,,,,,,,,,,2623,2112,1927,1394,8347,5961,8391,11170,10978,11594,12392,11566,10831,11767,11899,11609,11882,11411,11478,5128,5154,6834,9817,9886,8079,6656,6965,8491,12174,14089,23613,29581,19672,21354,16158,15568,19142,20929,14517,17477,28189,38418,27272,31337,26068,15074,35912,50831,22655,22655,12795,
,Buses (Numbers),,,,,,,,,,,2802,1983,1037,520,1176,1930,513,285,765,624,619,616,618,732,777,626,843,1114,1177,427,312,438,362,425,1220,1508,1337,1099,1340,1380,1762,825,993,1146,657,628,490,568,522,559,575,1394,1437,1076,1135,623,631,712,748,748,518,
,Trucks (Numbers),,,,,,,,,,,6324,4179,3161,3148,4183,5149,2899,3075,3644,2883,2797,2285,1835,2238,1857,1715,2059,1627,2222,1394,703,3030,2916,1850,1131,977,948,1141,1950,2022,3204,4518,4410,4993,3135,3425,2810,2597,1923,2674,4039,6937,9111,12349,8549,4225,5346,7222,4091,4091,2722,
,Tractors (Numbers),,,,,,,,,,,2.796,5766,6885,8237,5620,6545,8804,12367,18864,14176,13949,11331,18111,18584,23638,19376,13753,9817,17127,14907,14144,16903,10417,14144,26885,35038,32553,24331,26501,36103,43746,49439,54610,53607,60107,71730,70855,48152,50871,34524,48883,34914,53975,71894,49902,32608,50700,58922,31752,31752,46275,
Motor Vehicles-Imports,,,,,,,,,,,,,,,,,,,,,,,,,,,,,,,,,,,,,,,,,,,,,,,,,,,,,,,,,,,,,,,
,Bicycle (Numbers),,,,,,,,,,,,,,,,,,4,106,477,140,76,136,3,92,3,3,289,468,928,9916,8303,3618,7844,29218,22211,14505,20240,37836,39894,61187,52022,28509,38249,42966,99349,184023,199878,211535,260532,386981,541381,715496,1351813,692174,262867,377087,247196,130662,158247,147080,
,Motorised Cycles (Numbers),,,,,,,,,,,32,8,,,,,,500,237,1,602,126,,1001,4,5,510,584,426,26,234,1305,990,925,44,3,2,,509,675,4143,9472,12467,18512,20726,33596,103694,29721,36839,42840,58270,102593,106046,140778,124283,108502,69457,91175,56856,91050,96765,
,Motor Cycles (Numbers),,,,,,,,,,,11674,21103,31048,30496,43989,58941,62883,74954,65946,69116,76228,54206,44089,34965,52229,72932,84893,971650,119970,86349,62100,115235,135220,90435,79738,85592,95771,111711,143952,127861,189721,167626,164078,209098,200745,176577,216080,247352,275931,213466,291882,327001,323290,393790,290091,302046,398502,453910,256226,368105,434239,
,Motor Rickshaw (Numbers),,,,,,,,,,,5783,1,368,3230,3962,570,916,1870,505,301,,700,,,200,200,450,1053,2773,548,250,,,900,,8,20,,101,3,304,15,1727,1029,125,10816,14746,57002,19043,32745,97591,44911,30811,33489,30823,28089,35155,40089,349,31144,82767,
,Rickshaw chassis with Engine (Numbers),,,,,,,,,,,1608,1765,1540,2430,2403,3312,1981,2,,,1,32,,8,203,200,,10,,,,,,,,,17,36,10,2,144,315,421,187,6,84,,,,,,1,192,161,,,,,,,,
,Cars (Numbers),,,,,,,,,,,10167,3433,10725,11760,23071,11995,14254,18977,15491,27117,27424,34824,25376,37385,32015,44769,40827,42532,100188,38216,31743,35100,31817,36851,46363,34988,62187,40079,60554,88130,66338,36563,202785,540025,425721,750888,675810,1619659,671531,778073,1854622,1384775,1568723,1855468,2119541,1212456,1493580,1550946,1328668,1893131,2008012,
,Passengers M. Cars (NES) (Numbers),,,,,,,,,,,557,445,1939,556,13,6,850,784,960,2512,305,315,146,2788,150,97,149,16,212,88,224,919,338,310,162,161,99,161,194,243,244,1587,1174,690,557,176,344,326,923,54,10,5,,,,,,,,,,
,Car Chassis with Engine (Numbers),,,,,,,,,,,548,424,449,88,3,100,1,87,552,857,949,,,,,,8,23,11,1,,,28,2,,10,4,1,,,,,6,,20,1,163,2,,,2,,,2,,,4,,,,2,
,Pickup (Numbers),,,,,,,,,,,,,,,,,,16890,15733,18372,20116,11714,11207,10402,11028,12945,18300,19194,17931,6099,5751,5506,5511,6314,3734,3672,2703,3600,5162,6857,5394,23303,21898,8169,1871,21096,35462,73809,35101,29459,65751,69146,110247,251019,88945,87340,84911,90244,207986,171978,342299,
,Jeeps (Numbers),,,,,,,,,,,1306,1798,1587,1148,970,1422,1951,1476,2133,2704,2564,3078,2930,3911,3626,1241,2075,1519,1484,343,1535,959,542,1,165,48,338,666,6010,11435,5409,2108,1938,210,14,27,27,35,29,14,21,13,3,76,38,1,4,31,64,,,
,Station Wagon (Numbers),,,,,,,,,,,733,3075,2320,223,339,256,127,,93,699,471,1348,831,862,885,2008,1179,1594,746,251,326,265,173,143,97,71,115,165,440,154,37,284,2817,345,28,109,29,73,42,8,18,126,4,4,,,,,,2,,
,Delivery Van (Numbers),,,,,,,,,,,,,,,,,,3897,17743,2450,4097,3498,4978,5318,5766,6339,6118,5776,22343,2823,1940,1831,4851,5218,3149,3379,1573,2120,471,26,178,2586,1683,311,37,2,4,3,735,2732,5477,8707,10553,12810,8596,2361,3812,5270,1586,4364,8101,
,Lorries Trucks Ambulance (Numbers),,,,,,,,,,,,,,,,,,2008,1833,1910,3860,3304,2952,3082,3139,2976,4623,2760,4743,2673,882,1948,2101,1034,443,500,545,728,2971,2883,2616,13463,16610,4331,2405,12819,24728,10783,31027,23946,33489,47645,50380,38095,20872,10701,12549,14113,26148,9223,23954,
,Passenger Vehicles Public (Numbers),,,,,,,,,,,,,,,,,,5,244,2113,1045,970,233,22,27,36,56,7,17,15,8,27,22,4,61,183,62,6,473,721,1519,5228,2123,836,363,364,225,449,16947,1282,2810,3036,2649,3316,1335,227,1353,1503,512,3841,1539,
,Special Lorries Trucks & Vans (Numbers),,,,,,,,,,,,,,,,,,,252,427,244,361,209,228,195,440,250,360,535,461,219,102,198,99,152,109,138,157,54,95,1544,551,573,875,1203,5326,3371,704,2832,1406,927,1398,1929,1098,518,197,187,171,56,168,166,
,Bus etc. Chassis (Numbers),,,,,,,,,,,3215,3077,2565,1401,1506,3995,1910,2889,389,623,526,118,63,7,12,8,,15,102,24,48,,12,,,277,57,60,46,164,18,7,24,314,1017,671,1553,35920,1586,3997,4818,9136,21046,2152,1568,494,1409,986,668,15,718,
,"Buses, Trolly Buses (Numbers)",,,,,,,,,,,,,,,,,,136,144,644,400,236,793,771,812,742,594,922,2247,893,267,344,396,498,603,917,588,700,1230,2429,411,2104,652,217,232,285,861,997,668,425,847,1234,720,685,611,404,314,494,223,217,397,
,Motor Vehicles for Goods (Numbers),,,,,,,,,,,,,,,,,,151,594,589,965,438,16,28,36,17,3,75,134,57,43,151,22,18,146,160,,2,234,511,269,3844,297,22,2,,5,6,,7,,1,10,1313,1,7,5,1,,,,
,Spl. Truck etc. Chassis (Numbers),,,,,,,,,,,258,347,341,436,796,1667,1593,794,916,1002,1398,187,152,4,44,42,1,15,,26,,,,,,,4,,,,,38,48,335,9,12,233,18,9,17,3063,3267,81,152,85,406,24,88,186,25,52,
,Road Tractors for Trailers (Numbers),,,,,,,,,,,7,95,82,102,5,402,126,679,50,43,24,14,137,5,,3,1,7,10,27,4,193,340,38,37,7,36,18,122,124,117,498,997,2409,2149,2154,1345,767,1252,1309,9991,4442,1836,1307,1278,1493,4262,4360,10346,6704,2565,
,Tractor Agricultural (Numbers),,,,,,,,,,,7633,8895,17771,15095,18056,25597,15796,,22907,24594,14341,1853,663,1360,1592,572,408,491,,952,10084,6805,2020,1886,3281,2469,55,220,14000,11420,6543,20769,30588,8914,2636,12052,905,3676,1988,2088,3086,1843,4831,3796,2270,1366,2244,3658,2256,2492,1459,
,Tractor Cater-pillar (Numbers),,,,,,,,,,,7,56,14,32,32,52,7,,5,12,62,29,120,2,14,,1,18,,3,2,1,6,,1,,,44,1,30,91,12,1,1,,,,,,,,4,,44,,,,,,2,,
,Tractor Heavy Duty for Const. (Numbers),,,,,,,,,,,40,4,7,294,50,25,86,,296,12,59,29,1,1,,24,,64,115,14,2,,14,28,,5,13,4,120,219,563,632,845,744,402,245,148,469,131,347,476,369,843,643,95,86,105,163,151,20,74,
,Tractor Roads (Numbers),,,,,,,,,,,24,50,15,4,1,9,,,3,9,,2,2,,,,,1,,,,,8,,,3,25964,15174,1115,2104,1646,2284,904,1892,434,165,144,,225,157,434,675,703,713,867,488,166,188,98,143,255,
,Tractor (NES) (Numbers),,,,,,,,,,,8,70,16,26,10,2,23,,1997,3949,528,647,313,25,91,42,87,596,78,115,80,323,179,113,436,1,15,115,496,736,2167,3378,7213,19623,14205,6189,12208,27762,18773,16796,28743,30464,66946,63638,2468,6913,2466,4348,9436,28903,18049,
,Electric Vehicles (Numbers),,,,,,,,,,,,,,,,,,,,,,,,,,,,,,,,,,,,,,,,,,,,,,,,,,13,13,25,12,,,,,,,,,
,Electric Bikes (Numbers),,,,,,,,,,,,,,,,,,,,,,,,,,,,,,,,,,,,,,,,,,,,,,,,,,15,104,64,59,,,,,,,,,
,Sport Utility Vehicle (Numbers),,,,,,,,,,,,,,,,,,,,,,,,,,,,,,,,,,,,,,,,,,,,,,,,,,1,14,10,42,11,9,19,4,7,,3,3,
,3-Wheel Loader (Numbers),,,,,,,,,,,,,,,,,,,,,,,,,,,,,,,,,,,,,,,,,,,,,,,,,,,100,10202,2956,16929,2180,47,2,5,3,,,
Pakistan Post Offices,,,,,,,,,,,,,,,,,,,,,,,,,,,,,,,,,,,,,,,,,,,,,,,,,,,,,,,,,,,,,,,
,"Number of Post Offices, Urban",,,,,,,,1271,1252,1289,1314,1761,2017,2181,2220,2295,2395,2445,2495,2535,2566,2591,2626,2636,2619,1356,1356,1867,1909,1983,1970,2026,2092,2024,2044,2103,2178,2302,1983,1808,2267,1831,1849,1852,1580,1580,1797,1797,2178,1813,1813,1782,2046,2046,1717,1519,1514,2179,1742,2133,1413,
,"Number of Post Offices, Rural",,,,,,,,6635,6635,6615,6835,6938,7026,7405,7668,8193,8693,8793,8893,8993,9132,9307,9380,9480,9607,10837,10837,11546,11471,11213,11315,11294,11327,11192,11250,10751,10650,9932,10284,10446,9840,10499,10493,10514,10455,10455,10238,10238,10650,10264,10264,9962,9450,9450,8352,8626,8072,8012,8282,8459,5560,
,"Number of Post Offices, Total",,,7139,7317,7582,7821,8151,7906,7860,7904,8149,8749,8043,9586,9888,10488,11088,11238,11388,11528,11698,11898,12006,12116,12226,12193,12193,13413,13380,13196,13285,13320,13419,13216,13294,12854,12828,12233,12267,12254,12107,12330,12342,12366,12035,12035,12035,12035,12828,12077,12077,11744,11496,11496,10069,10145,9586,10191,10024,10592,6973,